-- =============================================================
-- SEEDER: db_siswa_induk_api
-- Generated from live database: 2026-05-21
-- Urutan: users > kelas > mata_pelajaran > siswa > relasi
-- =============================================================

SET FOREIGN_KEY_CHECKS=0;
SET SQL_MODE='NO_AUTO_VALUE_ON_ZERO';

-- -------------------------------------------------------------
-- TRUNCATE semua tabel (urutan terbalik agar FK aman)
-- -------------------------------------------------------------
TRUNCATE TABLE `meninggalkan_sekolah`;
TRUNCATE TABLE `catatan_akhir_semester`;
TRUNCATE TABLE `kehadiran`;
TRUNCATE TABLE `nilai_semester`;
TRUNCATE TABLE `alamat_siswa`;
TRUNCATE TABLE `orang_tua`;
TRUNCATE TABLE `siswa`;
TRUNCATE TABLE `mata_pelajaran`;
TRUNCATE TABLE `kelas`;
TRUNCATE TABLE `users`;

INSERT INTO `users` (`id`, `username`, `email`, `password_hash`, `is_active`, `created_at`, `updated_at`) VALUES (1,'admin','admin@siswa.local','$2a$12$soyULWNCnrdk5La1/g0KTOXJVCy4K1kMK33ZU0IVyeAzamXL0liy2',1,'2026-05-03 22:27:12.592','2026-05-20 07:26:08.632');
INSERT INTO `kelas` (`id`, `nama`, `tingkat`, `jurusan`, `tahun_pelajaran`, `wali_kelas`, `created_at`, `updated_at`) VALUES (1,'X TKJ','X','TJKT','2024/2025','Asep','2026-05-14 09:48:47.915','2026-05-19 14:46:45.573');
INSERT INTO `kelas` (`id`, `nama`, `tingkat`, `jurusan`, `tahun_pelajaran`, `wali_kelas`, `created_at`, `updated_at`) VALUES (2,'XII AKL','XII','AKL','2024/2025','Elsa','2026-05-19 14:45:07.676','2026-05-19 15:14:55.800');
INSERT INTO `mata_pelajaran` (`id`, `kode`, `nama`, `kelompok`, `sub_kelompok`, `kelas_target_1`, `kelas_target_2`, `aktif`, `keterangan`) VALUES (1,'MP001','RERATA TUGAS/PH/Assessment','A','','Semua','Tidak ada',1,'');
INSERT INTO `mata_pelajaran` (`id`, `kode`, `nama`, `kelompok`, `sub_kelompok`, `kelas_target_1`, `kelas_target_2`, `aktif`, `keterangan`) VALUES (2,'MP002','Total Nilai','A','','Semua','Tidak ada',1,'');
INSERT INTO `mata_pelajaran` (`id`, `kode`, `nama`, `kelompok`, `sub_kelompok`, `kelas_target_1`, `kelas_target_2`, `aktif`, `keterangan`) VALUES (3,'MP003','KETIDAKHADIRAN','A','','Semua','Tidak ada',1,'');
INSERT INTO `siswa` (`id`, `no_induk`, `nisn`, `nama_panggilan`, `jenis_kelamin`, `tempat_lahir`, `tanggal_lahir`, `agama`, `anak_ke`, `jumlah_saudara`, `kewarganegaraan`, `bahasa_rumah`, `foto_path`, `kelas_id`, `status`, `created_at`, `updated_at`, `deleted_at`, `nama`) VALUES (1,'20241789','0232417122','Rizqan','L','Jakarta','2008-10-14','Islam',1,0,'WNI','Indonesia','',1,'aktif','2026-05-14 10:06:59.164','2026-05-14 10:06:59.164',NULL,'RIZQAN AHMAD MAULANA');
INSERT INTO `siswa` (`id`, `no_induk`, `nisn`, `nama_panggilan`, `jenis_kelamin`, `tempat_lahir`, `tanggal_lahir`, `agama`, `anak_ke`, `jumlah_saudara`, `kewarganegaraan`, `bahasa_rumah`, `foto_path`, `kelas_id`, `status`, `created_at`, `updated_at`, `deleted_at`, `nama`) VALUES (2,'20123428','1098765436','Rizqan','L','Jakarta','2008-10-14','Islam',1,1,'WNI','Indonesia','',1,'aktif','2026-05-14 10:09:14.145','2026-05-14 10:09:14.145',NULL,'RIZQAN AHMAD MAULANA');
INSERT INTO `siswa` (`id`, `no_induk`, `nisn`, `nama_panggilan`, `jenis_kelamin`, `tempat_lahir`, `tanggal_lahir`, `agama`, `anak_ke`, `jumlah_saudara`, `kewarganegaraan`, `bahasa_rumah`, `foto_path`, `kelas_id`, `status`, `created_at`, `updated_at`, `deleted_at`, `nama`) VALUES (3,'NIS-0068552301','0068552301','Amelia','P','-','2000-01-01','Islam',1,0,'WNI','Indonesia','',2,'aktif','2026-05-19 14:45:07.713','2026-05-19 14:45:07.713',NULL,'Amelia');
INSERT INTO `siswa` (`id`, `no_induk`, `nisn`, `nama_panggilan`, `jenis_kelamin`, `tempat_lahir`, `tanggal_lahir`, `agama`, `anak_ke`, `jumlah_saudara`, `kewarganegaraan`, `bahasa_rumah`, `foto_path`, `kelas_id`, `status`, `created_at`, `updated_at`, `deleted_at`, `nama`) VALUES (4,'NIS-0076793345','0076793345','Chrycen','P','-','2000-01-01','Islam',1,0,'WNI','Indonesia','',2,'aktif','2026-05-19 14:45:07.758','2026-05-19 14:45:07.758',NULL,'Chrycen Rivia Disa');
INSERT INTO `siswa` (`id`, `no_induk`, `nisn`, `nama_panggilan`, `jenis_kelamin`, `tempat_lahir`, `tanggal_lahir`, `agama`, `anak_ke`, `jumlah_saudara`, `kewarganegaraan`, `bahasa_rumah`, `foto_path`, `kelas_id`, `status`, `created_at`, `updated_at`, `deleted_at`, `nama`) VALUES (5,'NIS-0075546309','0075546309','Citra','P','-','2000-01-01','Islam',1,0,'WNI','Indonesia','',2,'aktif','2026-05-19 14:45:07.799','2026-05-19 14:45:07.799',NULL,'Citra Attailah');
INSERT INTO `siswa` (`id`, `no_induk`, `nisn`, `nama_panggilan`, `jenis_kelamin`, `tempat_lahir`, `tanggal_lahir`, `agama`, `anak_ke`, `jumlah_saudara`, `kewarganegaraan`, `bahasa_rumah`, `foto_path`, `kelas_id`, `status`, `created_at`, `updated_at`, `deleted_at`, `nama`) VALUES (6,'NIS-0073521089','0073521089','Dimas','P','-','2000-01-01','Islam',1,0,'WNI','Indonesia','',2,'aktif','2026-05-19 14:45:07.840','2026-05-19 14:45:07.840',NULL,'Dimas Setiawan');
INSERT INTO `siswa` (`id`, `no_induk`, `nisn`, `nama_panggilan`, `jenis_kelamin`, `tempat_lahir`, `tanggal_lahir`, `agama`, `anak_ke`, `jumlah_saudara`, `kewarganegaraan`, `bahasa_rumah`, `foto_path`, `kelas_id`, `status`, `created_at`, `updated_at`, `deleted_at`, `nama`) VALUES (7,'NIS-0063430650','0063430650','Fadhil','P','-','2000-01-01','Islam',1,0,'WNI','Indonesia','',2,'aktif','2026-05-19 14:45:07.889','2026-05-19 14:45:07.889',NULL,'Fadhil Ubaidillah');
INSERT INTO `siswa` (`id`, `no_induk`, `nisn`, `nama_panggilan`, `jenis_kelamin`, `tempat_lahir`, `tanggal_lahir`, `agama`, `anak_ke`, `jumlah_saudara`, `kewarganegaraan`, `bahasa_rumah`, `foto_path`, `kelas_id`, `status`, `created_at`, `updated_at`, `deleted_at`, `nama`) VALUES (8,'NIS-0071685041','0071685041','Ferza','P','-','2000-01-01','Islam',1,0,'WNI','Indonesia','',2,'aktif','2026-05-19 14:45:07.928','2026-05-19 14:45:07.928',NULL,'Ferza Febriansyah');
INSERT INTO `siswa` (`id`, `no_induk`, `nisn`, `nama_panggilan`, `jenis_kelamin`, `tempat_lahir`, `tanggal_lahir`, `agama`, `anak_ke`, `jumlah_saudara`, `kewarganegaraan`, `bahasa_rumah`, `foto_path`, `kelas_id`, `status`, `created_at`, `updated_at`, `deleted_at`, `nama`) VALUES (9,'NIS-0064268039','0064268039','Iqlimah','P','-','2000-01-01','Islam',1,0,'WNI','Indonesia','',2,'aktif','2026-05-19 14:45:07.969','2026-05-19 14:45:07.969',NULL,'Iqlimah Cahaya Mustika');
INSERT INTO `siswa` (`id`, `no_induk`, `nisn`, `nama_panggilan`, `jenis_kelamin`, `tempat_lahir`, `tanggal_lahir`, `agama`, `anak_ke`, `jumlah_saudara`, `kewarganegaraan`, `bahasa_rumah`, `foto_path`, `kelas_id`, `status`, `created_at`, `updated_at`, `deleted_at`, `nama`) VALUES (10,'NIS-3074487136','3074487136','Irshal','P','-','2000-01-01','Islam',1,0,'WNI','Indonesia','',2,'aktif','2026-05-19 14:45:08.006','2026-05-19 14:45:08.006',NULL,'Irshal Rhama Aidillah');
INSERT INTO `siswa` (`id`, `no_induk`, `nisn`, `nama_panggilan`, `jenis_kelamin`, `tempat_lahir`, `tanggal_lahir`, `agama`, `anak_ke`, `jumlah_saudara`, `kewarganegaraan`, `bahasa_rumah`, `foto_path`, `kelas_id`, `status`, `created_at`, `updated_at`, `deleted_at`, `nama`) VALUES (11,'NIS-0067481076','0067481076','Jingga','P','-','2000-01-01','Islam',1,0,'WNI','Indonesia','',2,'aktif','2026-05-19 14:45:08.057','2026-05-19 14:45:08.057',NULL,'Jingga Nur Qalam');
INSERT INTO `siswa` (`id`, `no_induk`, `nisn`, `nama_panggilan`, `jenis_kelamin`, `tempat_lahir`, `tanggal_lahir`, `agama`, `anak_ke`, `jumlah_saudara`, `kewarganegaraan`, `bahasa_rumah`, `foto_path`, `kelas_id`, `status`, `created_at`, `updated_at`, `deleted_at`, `nama`) VALUES (12,'NIS-0057659388','0057659388','Karina','P','-','2000-01-01','Islam',1,0,'WNI','Indonesia','',2,'aktif','2026-05-19 14:45:08.109','2026-05-19 14:45:08.109',NULL,'Karina Dwi Sagita');
INSERT INTO `siswa` (`id`, `no_induk`, `nisn`, `nama_panggilan`, `jenis_kelamin`, `tempat_lahir`, `tanggal_lahir`, `agama`, `anak_ke`, `jumlah_saudara`, `kewarganegaraan`, `bahasa_rumah`, `foto_path`, `kelas_id`, `status`, `created_at`, `updated_at`, `deleted_at`, `nama`) VALUES (13,'NIS-3073371186','3073371186','Larasati','P','-','2000-01-01','Islam',1,0,'WNI','Indonesia','',2,'aktif','2026-05-19 14:45:08.166','2026-05-19 14:45:08.166',NULL,'Larasati');
INSERT INTO `siswa` (`id`, `no_induk`, `nisn`, `nama_panggilan`, `jenis_kelamin`, `tempat_lahir`, `tanggal_lahir`, `agama`, `anak_ke`, `jumlah_saudara`, `kewarganegaraan`, `bahasa_rumah`, `foto_path`, `kelas_id`, `status`, `created_at`, `updated_at`, `deleted_at`, `nama`) VALUES (14,'NIS-0074403542','0074403542','Lia','P','-','2000-01-01','Islam',1,0,'WNI','Indonesia','',2,'aktif','2026-05-19 14:45:08.206','2026-05-19 14:45:08.206',NULL,'Lia Apriyani');
INSERT INTO `siswa` (`id`, `no_induk`, `nisn`, `nama_panggilan`, `jenis_kelamin`, `tempat_lahir`, `tanggal_lahir`, `agama`, `anak_ke`, `jumlah_saudara`, `kewarganegaraan`, `bahasa_rumah`, `foto_path`, `kelas_id`, `status`, `created_at`, `updated_at`, `deleted_at`, `nama`) VALUES (15,'NIS-0078516371','0078516371','Lulu','P','-','2000-01-01','Islam',1,0,'WNI','Indonesia','',2,'aktif','2026-05-19 14:45:08.245','2026-05-19 14:45:08.245',NULL,'Lulu Amanda');
INSERT INTO `siswa` (`id`, `no_induk`, `nisn`, `nama_panggilan`, `jenis_kelamin`, `tempat_lahir`, `tanggal_lahir`, `agama`, `anak_ke`, `jumlah_saudara`, `kewarganegaraan`, `bahasa_rumah`, `foto_path`, `kelas_id`, `status`, `created_at`, `updated_at`, `deleted_at`, `nama`) VALUES (16,'NIS-0068435867','0068435867','Marsella','P','-','2000-01-01','Islam',1,0,'WNI','Indonesia','',2,'aktif','2026-05-19 14:45:08.314','2026-05-19 14:45:08.314',NULL,'Marsella');
INSERT INTO `siswa` (`id`, `no_induk`, `nisn`, `nama_panggilan`, `jenis_kelamin`, `tempat_lahir`, `tanggal_lahir`, `agama`, `anak_ke`, `jumlah_saudara`, `kewarganegaraan`, `bahasa_rumah`, `foto_path`, `kelas_id`, `status`, `created_at`, `updated_at`, `deleted_at`, `nama`) VALUES (17,'NIS-3074322550','3074322550','Monica','P','-','2000-01-01','Islam',1,0,'WNI','Indonesia','',2,'aktif','2026-05-19 14:45:08.355','2026-05-19 14:45:08.355',NULL,'Monica Nuraini');
INSERT INTO `siswa` (`id`, `no_induk`, `nisn`, `nama_panggilan`, `jenis_kelamin`, `tempat_lahir`, `tanggal_lahir`, `agama`, `anak_ke`, `jumlah_saudara`, `kewarganegaraan`, `bahasa_rumah`, `foto_path`, `kelas_id`, `status`, `created_at`, `updated_at`, `deleted_at`, `nama`) VALUES (18,'NIS-0078820397','0078820397','Muhammad','P','-','2000-01-01','Islam',1,0,'WNI','Indonesia','',2,'aktif','2026-05-19 14:45:08.408','2026-05-19 14:45:08.408',NULL,'Muhammad Rafa Zaidan');
INSERT INTO `siswa` (`id`, `no_induk`, `nisn`, `nama_panggilan`, `jenis_kelamin`, `tempat_lahir`, `tanggal_lahir`, `agama`, `anak_ke`, `jumlah_saudara`, `kewarganegaraan`, `bahasa_rumah`, `foto_path`, `kelas_id`, `status`, `created_at`, `updated_at`, `deleted_at`, `nama`) VALUES (19,'NIS-0066903308','0066903308','Mutia','P','-','2000-01-01','Islam',1,0,'WNI','Indonesia','',2,'aktif','2026-05-19 14:45:08.442','2026-05-19 14:45:08.442',NULL,'Mutia Nurhapijah');
INSERT INTO `siswa` (`id`, `no_induk`, `nisn`, `nama_panggilan`, `jenis_kelamin`, `tempat_lahir`, `tanggal_lahir`, `agama`, `anak_ke`, `jumlah_saudara`, `kewarganegaraan`, `bahasa_rumah`, `foto_path`, `kelas_id`, `status`, `created_at`, `updated_at`, `deleted_at`, `nama`) VALUES (20,'NIS-0069309541','0069309541','Nayla','P','-','2000-01-01','Islam',1,0,'WNI','Indonesia','',2,'aktif','2026-05-19 14:45:08.482','2026-05-19 14:45:08.482',NULL,'Nayla Adristi Permata');
INSERT INTO `siswa` (`id`, `no_induk`, `nisn`, `nama_panggilan`, `jenis_kelamin`, `tempat_lahir`, `tanggal_lahir`, `agama`, `anak_ke`, `jumlah_saudara`, `kewarganegaraan`, `bahasa_rumah`, `foto_path`, `kelas_id`, `status`, `created_at`, `updated_at`, `deleted_at`, `nama`) VALUES (21,'NIS-0074899472','0074899472','Nazwa','P','-','2000-01-01','Islam',1,0,'WNI','Indonesia','',2,'aktif','2026-05-19 14:45:08.534','2026-05-19 14:45:08.534',NULL,'Nazwa Inggrid Afiah');
INSERT INTO `siswa` (`id`, `no_induk`, `nisn`, `nama_panggilan`, `jenis_kelamin`, `tempat_lahir`, `tanggal_lahir`, `agama`, `anak_ke`, `jumlah_saudara`, `kewarganegaraan`, `bahasa_rumah`, `foto_path`, `kelas_id`, `status`, `created_at`, `updated_at`, `deleted_at`, `nama`) VALUES (22,'NIS-0073236952','0073236952','Nikmatuz','P','-','2000-01-01','Islam',1,0,'WNI','Indonesia','',2,'aktif','2026-05-19 14:45:08.573','2026-05-19 14:45:08.573',NULL,'Nikmatuz Zakiyah');
INSERT INTO `siswa` (`id`, `no_induk`, `nisn`, `nama_panggilan`, `jenis_kelamin`, `tempat_lahir`, `tanggal_lahir`, `agama`, `anak_ke`, `jumlah_saudara`, `kewarganegaraan`, `bahasa_rumah`, `foto_path`, `kelas_id`, `status`, `created_at`, `updated_at`, `deleted_at`, `nama`) VALUES (23,'NIS-0063211372','0063211372','Novia','P','-','2000-01-01','Islam',1,0,'WNI','Indonesia','',2,'aktif','2026-05-19 14:45:08.613','2026-05-19 14:45:08.613',NULL,'Novia Nabila');
INSERT INTO `siswa` (`id`, `no_induk`, `nisn`, `nama_panggilan`, `jenis_kelamin`, `tempat_lahir`, `tanggal_lahir`, `agama`, `anak_ke`, `jumlah_saudara`, `kewarganegaraan`, `bahasa_rumah`, `foto_path`, `kelas_id`, `status`, `created_at`, `updated_at`, `deleted_at`, `nama`) VALUES (24,'NIS-0058145729','0058145729','Rafly','P','-','2000-01-01','Islam',1,0,'WNI','Indonesia','',2,'aktif','2026-05-19 14:45:08.661','2026-05-19 14:45:08.661',NULL,'Rafly Ardiansyah');
INSERT INTO `siswa` (`id`, `no_induk`, `nisn`, `nama_panggilan`, `jenis_kelamin`, `tempat_lahir`, `tanggal_lahir`, `agama`, `anak_ke`, `jumlah_saudara`, `kewarganegaraan`, `bahasa_rumah`, `foto_path`, `kelas_id`, `status`, `created_at`, `updated_at`, `deleted_at`, `nama`) VALUES (25,'NIS-0069672011','0069672011','Ratu','P','-','2000-01-01','Islam',1,0,'WNI','Indonesia','',2,'aktif','2026-05-19 14:45:08.717','2026-05-19 14:45:08.717',NULL,'Ratu Ramadhania');
INSERT INTO `siswa` (`id`, `no_induk`, `nisn`, `nama_panggilan`, `jenis_kelamin`, `tempat_lahir`, `tanggal_lahir`, `agama`, `anak_ke`, `jumlah_saudara`, `kewarganegaraan`, `bahasa_rumah`, `foto_path`, `kelas_id`, `status`, `created_at`, `updated_at`, `deleted_at`, `nama`) VALUES (26,'NIS-3075648832','3075648832','Rizky','P','-','2000-01-01','Islam',1,0,'WNI','Indonesia','',2,'aktif','2026-05-19 14:45:08.772','2026-05-19 14:45:08.772',NULL,'Rizky Intan Fahrani');
INSERT INTO `siswa` (`id`, `no_induk`, `nisn`, `nama_panggilan`, `jenis_kelamin`, `tempat_lahir`, `tanggal_lahir`, `agama`, `anak_ke`, `jumlah_saudara`, `kewarganegaraan`, `bahasa_rumah`, `foto_path`, `kelas_id`, `status`, `created_at`, `updated_at`, `deleted_at`, `nama`) VALUES (27,'NIS-0071228586','0071228586','Salwa','P','-','2000-01-01','Islam',1,0,'WNI','Indonesia','',2,'aktif','2026-05-19 14:45:08.812','2026-05-19 14:45:08.812',NULL,'Salwa Fatimah Az-Zahra');
INSERT INTO `siswa` (`id`, `no_induk`, `nisn`, `nama_panggilan`, `jenis_kelamin`, `tempat_lahir`, `tanggal_lahir`, `agama`, `anak_ke`, `jumlah_saudara`, `kewarganegaraan`, `bahasa_rumah`, `foto_path`, `kelas_id`, `status`, `created_at`, `updated_at`, `deleted_at`, `nama`) VALUES (28,'NIS-0066383402','0066383402','Salwa','P','-','2000-01-01','Islam',1,0,'WNI','Indonesia','',2,'aktif','2026-05-19 14:45:08.848','2026-05-19 14:45:08.848',NULL,'Salwa Salsabila');
INSERT INTO `siswa` (`id`, `no_induk`, `nisn`, `nama_panggilan`, `jenis_kelamin`, `tempat_lahir`, `tanggal_lahir`, `agama`, `anak_ke`, `jumlah_saudara`, `kewarganegaraan`, `bahasa_rumah`, `foto_path`, `kelas_id`, `status`, `created_at`, `updated_at`, `deleted_at`, `nama`) VALUES (29,'NIS-0065632276','0065632276','Shalsabila','P','-','2000-01-01','Islam',1,0,'WNI','Indonesia','',2,'aktif','2026-05-19 14:45:08.902','2026-05-19 14:45:08.902',NULL,'Shalsabila Lesmana');
INSERT INTO `siswa` (`id`, `no_induk`, `nisn`, `nama_panggilan`, `jenis_kelamin`, `tempat_lahir`, `tanggal_lahir`, `agama`, `anak_ke`, `jumlah_saudara`, `kewarganegaraan`, `bahasa_rumah`, `foto_path`, `kelas_id`, `status`, `created_at`, `updated_at`, `deleted_at`, `nama`) VALUES (30,'NIS-0062588903','0062588903','Siti','P','-','2000-01-01','Islam',1,0,'WNI','Indonesia','',2,'aktif','2026-05-19 14:45:08.939','2026-05-19 14:45:08.939',NULL,'Siti Mutia Hanna');
INSERT INTO `siswa` (`id`, `no_induk`, `nisn`, `nama_panggilan`, `jenis_kelamin`, `tempat_lahir`, `tanggal_lahir`, `agama`, `anak_ke`, `jumlah_saudara`, `kewarganegaraan`, `bahasa_rumah`, `foto_path`, `kelas_id`, `status`, `created_at`, `updated_at`, `deleted_at`, `nama`) VALUES (31,'NIS-0077798543','0077798543','Syafira','P','-','2000-01-01','Islam',1,0,'WNI','Indonesia','',2,'aktif','2026-05-19 14:45:08.986','2026-05-19 14:45:08.986',NULL,'Syafira Andhini Endah Muejiawati');
INSERT INTO `siswa` (`id`, `no_induk`, `nisn`, `nama_panggilan`, `jenis_kelamin`, `tempat_lahir`, `tanggal_lahir`, `agama`, `anak_ke`, `jumlah_saudara`, `kewarganegaraan`, `bahasa_rumah`, `foto_path`, `kelas_id`, `status`, `created_at`, `updated_at`, `deleted_at`, `nama`) VALUES (32,'NIS-3054086042','3054086042','Thoriq','P','-','2000-01-01','Islam',1,0,'WNI','Indonesia','',2,'aktif','2026-05-19 14:45:09.032','2026-05-19 14:45:09.032',NULL,'Thoriq Ahmad Muzafran');
INSERT INTO `siswa` (`id`, `no_induk`, `nisn`, `nama_panggilan`, `jenis_kelamin`, `tempat_lahir`, `tanggal_lahir`, `agama`, `anak_ke`, `jumlah_saudara`, `kewarganegaraan`, `bahasa_rumah`, `foto_path`, `kelas_id`, `status`, `created_at`, `updated_at`, `deleted_at`, `nama`) VALUES (33,'NIS-0078314869','0078314869','Vadyllah','P','-','2000-01-01','Islam',1,0,'WNI','Indonesia','',2,'aktif','2026-05-19 14:45:09.075','2026-05-19 14:45:09.075',NULL,'Vadyllah Zhara');
INSERT INTO `siswa` (`id`, `no_induk`, `nisn`, `nama_panggilan`, `jenis_kelamin`, `tempat_lahir`, `tanggal_lahir`, `agama`, `anak_ke`, `jumlah_saudara`, `kewarganegaraan`, `bahasa_rumah`, `foto_path`, `kelas_id`, `status`, `created_at`, `updated_at`, `deleted_at`, `nama`) VALUES (34,'NIS-0073130066','0073130066','Zafira','P','-','2000-01-01','Islam',1,0,'WNI','Indonesia','',2,'keluar','2026-05-19 14:45:09.122','2026-05-19 15:18:16.281',NULL,'Zafira Raysa Umar');
INSERT INTO `alamat_siswa` (`id`, `siswa_id`, `alamat_lengkap`, `jalan`, `kelurahan`, `kecamatan`, `kota`, `provinsi`, `kode_pos`, `no_telepon`, `tinggal_dengan`, `jarak_ke_sekolah`, `transportasi`) VALUES (1,1,'Jalan Kemang Raya Gang Toni','','Cilodong','Cilodong','Depok','Jawa Barat','16414','','Orang Tua',2.00,'Motor');
INSERT INTO `alamat_siswa` (`id`, `siswa_id`, `alamat_lengkap`, `jalan`, `kelurahan`, `kecamatan`, `kota`, `provinsi`, `kode_pos`, `no_telepon`, `tinggal_dengan`, `jarak_ke_sekolah`, `transportasi`) VALUES (2,2,'Jalan Kemang Raya Gang Toni','','Cilodong','Cilodong','Depok','Jawa Barat','16414','','Orang Tua',2.00,'Motor');
INSERT INTO `orang_tua` (`id`, `siswa_id`, `tipe`, `nama`, `tempat_lahir`, `tanggal_lahir`, `kewarganegaraan`, `pendidikan_terakhir`, `pekerjaan`, `penghasilan_bulanan`, `alamat`, `jalan`, `kelurahan`, `kecamatan`, `kota`, `provinsi`, `kode_pos`, `no_telepon`, `masih_hidup`) VALUES (1,1,'ayah','Asep','Jakarta',NULL,'WNI','SMA','Buruh',100000.00,'Kontol','','','','','','','089513270487',1);
INSERT INTO `orang_tua` (`id`, `siswa_id`, `tipe`, `nama`, `tempat_lahir`, `tanggal_lahir`, `kewarganegaraan`, `pendidikan_terakhir`, `pekerjaan`, `penghasilan_bulanan`, `alamat`, `jalan`, `kelurahan`, `kecamatan`, `kota`, `provinsi`, `kode_pos`, `no_telepon`, `masih_hidup`) VALUES (2,1,'ibu','Dewi','Jakarta',NULL,'WNI','MMk','MMk',100000.00,'KNTL','','','','','','','08921832121',1);
INSERT INTO `orang_tua` (`id`, `siswa_id`, `tipe`, `nama`, `tempat_lahir`, `tanggal_lahir`, `kewarganegaraan`, `pendidikan_terakhir`, `pekerjaan`, `penghasilan_bulanan`, `alamat`, `jalan`, `kelurahan`, `kecamatan`, `kota`, `provinsi`, `kode_pos`, `no_telepon`, `masih_hidup`) VALUES (3,2,'ayah','Asep','Jakarta',NULL,'WNI','SMA','Buruh',1999999.00,'Kontol','','','','','','','089513270487',1);
INSERT INTO `orang_tua` (`id`, `siswa_id`, `tipe`, `nama`, `tempat_lahir`, `tanggal_lahir`, `kewarganegaraan`, `pendidikan_terakhir`, `pekerjaan`, `penghasilan_bulanan`, `alamat`, `jalan`, `kelurahan`, `kecamatan`, `kota`, `provinsi`, `kode_pos`, `no_telepon`, `masih_hidup`) VALUES (4,2,'ibu','Dewi','Jakarta',NULL,'WNI','MMk','MMk',9999999.00,'KNTL','','','','','','','08921832121',1);
INSERT INTO `kehadiran` (`id`, `siswa_id`, `kelas`, `semester`, `jumlah_hadir`, `persentase_hadir`, `jumlah_sakit`, `jumlah_izin`, `jumlah_alpa`, `jumlah_hari_efektif`) VALUES (1,3,'XII',1,0,0.00,2,1,0,0);
INSERT INTO `kehadiran` (`id`, `siswa_id`, `kelas`, `semester`, `jumlah_hadir`, `persentase_hadir`, `jumlah_sakit`, `jumlah_izin`, `jumlah_alpa`, `jumlah_hari_efektif`) VALUES (2,4,'XII',1,0,0.00,2,2,0,0);
INSERT INTO `kehadiran` (`id`, `siswa_id`, `kelas`, `semester`, `jumlah_hadir`, `persentase_hadir`, `jumlah_sakit`, `jumlah_izin`, `jumlah_alpa`, `jumlah_hari_efektif`) VALUES (3,5,'XII',1,0,0.00,0,1,0,0);
INSERT INTO `kehadiran` (`id`, `siswa_id`, `kelas`, `semester`, `jumlah_hadir`, `persentase_hadir`, `jumlah_sakit`, `jumlah_izin`, `jumlah_alpa`, `jumlah_hari_efektif`) VALUES (4,6,'XII',1,0,0.00,3,0,0,0);
INSERT INTO `kehadiran` (`id`, `siswa_id`, `kelas`, `semester`, `jumlah_hadir`, `persentase_hadir`, `jumlah_sakit`, `jumlah_izin`, `jumlah_alpa`, `jumlah_hari_efektif`) VALUES (5,7,'XII',1,0,0.00,0,0,0,0);
INSERT INTO `kehadiran` (`id`, `siswa_id`, `kelas`, `semester`, `jumlah_hadir`, `persentase_hadir`, `jumlah_sakit`, `jumlah_izin`, `jumlah_alpa`, `jumlah_hari_efektif`) VALUES (6,8,'XII',1,0,0.00,0,0,0,0);
INSERT INTO `kehadiran` (`id`, `siswa_id`, `kelas`, `semester`, `jumlah_hadir`, `persentase_hadir`, `jumlah_sakit`, `jumlah_izin`, `jumlah_alpa`, `jumlah_hari_efektif`) VALUES (7,9,'XII',1,0,0.00,0,0,0,0);
INSERT INTO `kehadiran` (`id`, `siswa_id`, `kelas`, `semester`, `jumlah_hadir`, `persentase_hadir`, `jumlah_sakit`, `jumlah_izin`, `jumlah_alpa`, `jumlah_hari_efektif`) VALUES (8,10,'XII',1,0,0.00,1,0,0,0);
INSERT INTO `kehadiran` (`id`, `siswa_id`, `kelas`, `semester`, `jumlah_hadir`, `persentase_hadir`, `jumlah_sakit`, `jumlah_izin`, `jumlah_alpa`, `jumlah_hari_efektif`) VALUES (9,11,'XII',1,0,0.00,4,0,0,0);
INSERT INTO `kehadiran` (`id`, `siswa_id`, `kelas`, `semester`, `jumlah_hadir`, `persentase_hadir`, `jumlah_sakit`, `jumlah_izin`, `jumlah_alpa`, `jumlah_hari_efektif`) VALUES (10,12,'XII',1,0,0.00,0,0,0,0);
INSERT INTO `kehadiran` (`id`, `siswa_id`, `kelas`, `semester`, `jumlah_hadir`, `persentase_hadir`, `jumlah_sakit`, `jumlah_izin`, `jumlah_alpa`, `jumlah_hari_efektif`) VALUES (11,13,'XII',1,0,0.00,0,0,0,0);
INSERT INTO `kehadiran` (`id`, `siswa_id`, `kelas`, `semester`, `jumlah_hadir`, `persentase_hadir`, `jumlah_sakit`, `jumlah_izin`, `jumlah_alpa`, `jumlah_hari_efektif`) VALUES (12,14,'XII',1,0,0.00,0,1,0,0);
INSERT INTO `kehadiran` (`id`, `siswa_id`, `kelas`, `semester`, `jumlah_hadir`, `persentase_hadir`, `jumlah_sakit`, `jumlah_izin`, `jumlah_alpa`, `jumlah_hari_efektif`) VALUES (13,15,'XII',1,0,0.00,2,0,0,0);
INSERT INTO `kehadiran` (`id`, `siswa_id`, `kelas`, `semester`, `jumlah_hadir`, `persentase_hadir`, `jumlah_sakit`, `jumlah_izin`, `jumlah_alpa`, `jumlah_hari_efektif`) VALUES (14,16,'XII',1,0,0.00,0,0,0,0);
INSERT INTO `kehadiran` (`id`, `siswa_id`, `kelas`, `semester`, `jumlah_hadir`, `persentase_hadir`, `jumlah_sakit`, `jumlah_izin`, `jumlah_alpa`, `jumlah_hari_efektif`) VALUES (15,17,'XII',1,0,0.00,3,0,0,0);
INSERT INTO `kehadiran` (`id`, `siswa_id`, `kelas`, `semester`, `jumlah_hadir`, `persentase_hadir`, `jumlah_sakit`, `jumlah_izin`, `jumlah_alpa`, `jumlah_hari_efektif`) VALUES (16,18,'XII',1,0,0.00,0,0,2,0);
INSERT INTO `kehadiran` (`id`, `siswa_id`, `kelas`, `semester`, `jumlah_hadir`, `persentase_hadir`, `jumlah_sakit`, `jumlah_izin`, `jumlah_alpa`, `jumlah_hari_efektif`) VALUES (17,19,'XII',1,0,0.00,0,0,0,0);
INSERT INTO `kehadiran` (`id`, `siswa_id`, `kelas`, `semester`, `jumlah_hadir`, `persentase_hadir`, `jumlah_sakit`, `jumlah_izin`, `jumlah_alpa`, `jumlah_hari_efektif`) VALUES (18,20,'XII',1,0,0.00,2,0,0,0);
INSERT INTO `kehadiran` (`id`, `siswa_id`, `kelas`, `semester`, `jumlah_hadir`, `persentase_hadir`, `jumlah_sakit`, `jumlah_izin`, `jumlah_alpa`, `jumlah_hari_efektif`) VALUES (19,21,'XII',1,0,0.00,0,0,0,0);
INSERT INTO `kehadiran` (`id`, `siswa_id`, `kelas`, `semester`, `jumlah_hadir`, `persentase_hadir`, `jumlah_sakit`, `jumlah_izin`, `jumlah_alpa`, `jumlah_hari_efektif`) VALUES (20,22,'XII',1,0,0.00,0,0,0,0);
INSERT INTO `kehadiran` (`id`, `siswa_id`, `kelas`, `semester`, `jumlah_hadir`, `persentase_hadir`, `jumlah_sakit`, `jumlah_izin`, `jumlah_alpa`, `jumlah_hari_efektif`) VALUES (21,23,'XII',1,0,0.00,2,2,0,0);
INSERT INTO `kehadiran` (`id`, `siswa_id`, `kelas`, `semester`, `jumlah_hadir`, `persentase_hadir`, `jumlah_sakit`, `jumlah_izin`, `jumlah_alpa`, `jumlah_hari_efektif`) VALUES (22,24,'XII',1,0,0.00,3,0,0,0);
INSERT INTO `kehadiran` (`id`, `siswa_id`, `kelas`, `semester`, `jumlah_hadir`, `persentase_hadir`, `jumlah_sakit`, `jumlah_izin`, `jumlah_alpa`, `jumlah_hari_efektif`) VALUES (23,25,'XII',1,0,0.00,3,2,0,0);
INSERT INTO `kehadiran` (`id`, `siswa_id`, `kelas`, `semester`, `jumlah_hadir`, `persentase_hadir`, `jumlah_sakit`, `jumlah_izin`, `jumlah_alpa`, `jumlah_hari_efektif`) VALUES (24,26,'XII',1,0,0.00,0,0,0,0);
INSERT INTO `kehadiran` (`id`, `siswa_id`, `kelas`, `semester`, `jumlah_hadir`, `persentase_hadir`, `jumlah_sakit`, `jumlah_izin`, `jumlah_alpa`, `jumlah_hari_efektif`) VALUES (25,27,'XII',1,0,0.00,5,1,0,0);
INSERT INTO `kehadiran` (`id`, `siswa_id`, `kelas`, `semester`, `jumlah_hadir`, `persentase_hadir`, `jumlah_sakit`, `jumlah_izin`, `jumlah_alpa`, `jumlah_hari_efektif`) VALUES (26,28,'XII',1,0,0.00,4,1,0,0);
INSERT INTO `kehadiran` (`id`, `siswa_id`, `kelas`, `semester`, `jumlah_hadir`, `persentase_hadir`, `jumlah_sakit`, `jumlah_izin`, `jumlah_alpa`, `jumlah_hari_efektif`) VALUES (27,29,'XII',1,0,0.00,2,0,1,0);
INSERT INTO `kehadiran` (`id`, `siswa_id`, `kelas`, `semester`, `jumlah_hadir`, `persentase_hadir`, `jumlah_sakit`, `jumlah_izin`, `jumlah_alpa`, `jumlah_hari_efektif`) VALUES (28,30,'XII',1,0,0.00,1,0,0,0);
INSERT INTO `kehadiran` (`id`, `siswa_id`, `kelas`, `semester`, `jumlah_hadir`, `persentase_hadir`, `jumlah_sakit`, `jumlah_izin`, `jumlah_alpa`, `jumlah_hari_efektif`) VALUES (29,31,'XII',1,0,0.00,5,0,0,0);
INSERT INTO `kehadiran` (`id`, `siswa_id`, `kelas`, `semester`, `jumlah_hadir`, `persentase_hadir`, `jumlah_sakit`, `jumlah_izin`, `jumlah_alpa`, `jumlah_hari_efektif`) VALUES (30,32,'XII',1,0,0.00,3,0,0,0);
INSERT INTO `kehadiran` (`id`, `siswa_id`, `kelas`, `semester`, `jumlah_hadir`, `persentase_hadir`, `jumlah_sakit`, `jumlah_izin`, `jumlah_alpa`, `jumlah_hari_efektif`) VALUES (31,33,'XII',1,0,0.00,2,2,0,0);
INSERT INTO `kehadiran` (`id`, `siswa_id`, `kelas`, `semester`, `jumlah_hadir`, `persentase_hadir`, `jumlah_sakit`, `jumlah_izin`, `jumlah_alpa`, `jumlah_hari_efektif`) VALUES (32,34,'XII',1,0,0.00,2,1,0,0);
INSERT INTO `nilai_semester` (`id`, `siswa_id`, `mata_pelajaran_id`, `kelas`, `semester`, `tahun_pelajaran`, `nilai_pengetahuan`, `predikat_pengetahuan`, `deskripsi_pengetahuan`, `nilai_keterampilan`, `predikat_keterampilan`, `deskripsi_keterampilan`) VALUES (1,3,1,'XII',1,'2024/2025',92,'A','',92,'A','');
INSERT INTO `nilai_semester` (`id`, `siswa_id`, `mata_pelajaran_id`, `kelas`, `semester`, `tahun_pelajaran`, `nilai_pengetahuan`, `predikat_pengetahuan`, `deskripsi_pengetahuan`, `nilai_keterampilan`, `predikat_keterampilan`, `deskripsi_keterampilan`) VALUES (2,3,1,'XII',1,'2024/2025',0,'D','',0,'D','');
INSERT INTO `nilai_semester` (`id`, `siswa_id`, `mata_pelajaran_id`, `kelas`, `semester`, `tahun_pelajaran`, `nilai_pengetahuan`, `predikat_pengetahuan`, `deskripsi_pengetahuan`, `nilai_keterampilan`, `predikat_keterampilan`, `deskripsi_keterampilan`) VALUES (3,3,1,'XII',1,'2024/2025',92,'A','',92,'A','');
INSERT INTO `nilai_semester` (`id`, `siswa_id`, `mata_pelajaran_id`, `kelas`, `semester`, `tahun_pelajaran`, `nilai_pengetahuan`, `predikat_pengetahuan`, `deskripsi_pengetahuan`, `nilai_keterampilan`, `predikat_keterampilan`, `deskripsi_keterampilan`) VALUES (4,3,1,'XII',1,'2024/2025',93,'A','',93,'A','');
INSERT INTO `nilai_semester` (`id`, `siswa_id`, `mata_pelajaran_id`, `kelas`, `semester`, `tahun_pelajaran`, `nilai_pengetahuan`, `predikat_pengetahuan`, `deskripsi_pengetahuan`, `nilai_keterampilan`, `predikat_keterampilan`, `deskripsi_keterampilan`) VALUES (5,3,1,'XII',1,'2024/2025',93,'A','',93,'A','');
INSERT INTO `nilai_semester` (`id`, `siswa_id`, `mata_pelajaran_id`, `kelas`, `semester`, `tahun_pelajaran`, `nilai_pengetahuan`, `predikat_pengetahuan`, `deskripsi_pengetahuan`, `nilai_keterampilan`, `predikat_keterampilan`, `deskripsi_keterampilan`) VALUES (6,3,1,'XII',1,'2024/2025',30,'D','',30,'D','');
INSERT INTO `nilai_semester` (`id`, `siswa_id`, `mata_pelajaran_id`, `kelas`, `semester`, `tahun_pelajaran`, `nilai_pengetahuan`, `predikat_pengetahuan`, `deskripsi_pengetahuan`, `nilai_keterampilan`, `predikat_keterampilan`, `deskripsi_keterampilan`) VALUES (7,3,1,'XII',1,'2024/2025',91,'A','',91,'A','');
INSERT INTO `nilai_semester` (`id`, `siswa_id`, `mata_pelajaran_id`, `kelas`, `semester`, `tahun_pelajaran`, `nilai_pengetahuan`, `predikat_pengetahuan`, `deskripsi_pengetahuan`, `nilai_keterampilan`, `predikat_keterampilan`, `deskripsi_keterampilan`) VALUES (8,3,1,'XII',1,'2024/2025',93,'A','',93,'A','');
INSERT INTO `nilai_semester` (`id`, `siswa_id`, `mata_pelajaran_id`, `kelas`, `semester`, `tahun_pelajaran`, `nilai_pengetahuan`, `predikat_pengetahuan`, `deskripsi_pengetahuan`, `nilai_keterampilan`, `predikat_keterampilan`, `deskripsi_keterampilan`) VALUES (9,3,2,'XII',1,'2024/2025',0,'D','',0,'D','');
INSERT INTO `nilai_semester` (`id`, `siswa_id`, `mata_pelajaran_id`, `kelas`, `semester`, `tahun_pelajaran`, `nilai_pengetahuan`, `predikat_pengetahuan`, `deskripsi_pengetahuan`, `nilai_keterampilan`, `predikat_keterampilan`, `deskripsi_keterampilan`) VALUES (10,3,3,'XII',1,'2024/2025',0,'D','',0,'D','');
INSERT INTO `nilai_semester` (`id`, `siswa_id`, `mata_pelajaran_id`, `kelas`, `semester`, `tahun_pelajaran`, `nilai_pengetahuan`, `predikat_pengetahuan`, `deskripsi_pengetahuan`, `nilai_keterampilan`, `predikat_keterampilan`, `deskripsi_keterampilan`) VALUES (11,3,1,'XII',1,'2024/2025',88,'B','',88,'B','');
INSERT INTO `nilai_semester` (`id`, `siswa_id`, `mata_pelajaran_id`, `kelas`, `semester`, `tahun_pelajaran`, `nilai_pengetahuan`, `predikat_pengetahuan`, `deskripsi_pengetahuan`, `nilai_keterampilan`, `predikat_keterampilan`, `deskripsi_keterampilan`) VALUES (12,3,1,'XII',1,'2024/2025',95,'A','',95,'A','');
INSERT INTO `nilai_semester` (`id`, `siswa_id`, `mata_pelajaran_id`, `kelas`, `semester`, `tahun_pelajaran`, `nilai_pengetahuan`, `predikat_pengetahuan`, `deskripsi_pengetahuan`, `nilai_keterampilan`, `predikat_keterampilan`, `deskripsi_keterampilan`) VALUES (13,3,1,'XII',1,'2024/2025',0,'D','',0,'D','');
INSERT INTO `nilai_semester` (`id`, `siswa_id`, `mata_pelajaran_id`, `kelas`, `semester`, `tahun_pelajaran`, `nilai_pengetahuan`, `predikat_pengetahuan`, `deskripsi_pengetahuan`, `nilai_keterampilan`, `predikat_keterampilan`, `deskripsi_keterampilan`) VALUES (14,3,1,'XII',1,'2024/2025',0,'D','',0,'D','');
INSERT INTO `nilai_semester` (`id`, `siswa_id`, `mata_pelajaran_id`, `kelas`, `semester`, `tahun_pelajaran`, `nilai_pengetahuan`, `predikat_pengetahuan`, `deskripsi_pengetahuan`, `nilai_keterampilan`, `predikat_keterampilan`, `deskripsi_keterampilan`) VALUES (15,4,1,'XII',1,'2024/2025',91,'A','',91,'A','');
INSERT INTO `nilai_semester` (`id`, `siswa_id`, `mata_pelajaran_id`, `kelas`, `semester`, `tahun_pelajaran`, `nilai_pengetahuan`, `predikat_pengetahuan`, `deskripsi_pengetahuan`, `nilai_keterampilan`, `predikat_keterampilan`, `deskripsi_keterampilan`) VALUES (16,4,1,'XII',1,'2024/2025',90,'B','',90,'B','');
INSERT INTO `nilai_semester` (`id`, `siswa_id`, `mata_pelajaran_id`, `kelas`, `semester`, `tahun_pelajaran`, `nilai_pengetahuan`, `predikat_pengetahuan`, `deskripsi_pengetahuan`, `nilai_keterampilan`, `predikat_keterampilan`, `deskripsi_keterampilan`) VALUES (17,4,1,'XII',1,'2024/2025',94,'A','',94,'A','');
INSERT INTO `nilai_semester` (`id`, `siswa_id`, `mata_pelajaran_id`, `kelas`, `semester`, `tahun_pelajaran`, `nilai_pengetahuan`, `predikat_pengetahuan`, `deskripsi_pengetahuan`, `nilai_keterampilan`, `predikat_keterampilan`, `deskripsi_keterampilan`) VALUES (18,4,2,'XII',1,'2024/2025',0,'D','',0,'D','');
INSERT INTO `nilai_semester` (`id`, `siswa_id`, `mata_pelajaran_id`, `kelas`, `semester`, `tahun_pelajaran`, `nilai_pengetahuan`, `predikat_pengetahuan`, `deskripsi_pengetahuan`, `nilai_keterampilan`, `predikat_keterampilan`, `deskripsi_keterampilan`) VALUES (19,4,3,'XII',1,'2024/2025',0,'D','',0,'D','');
INSERT INTO `nilai_semester` (`id`, `siswa_id`, `mata_pelajaran_id`, `kelas`, `semester`, `tahun_pelajaran`, `nilai_pengetahuan`, `predikat_pengetahuan`, `deskripsi_pengetahuan`, `nilai_keterampilan`, `predikat_keterampilan`, `deskripsi_keterampilan`) VALUES (20,4,1,'XII',1,'2024/2025',86,'B','',86,'B','');
INSERT INTO `nilai_semester` (`id`, `siswa_id`, `mata_pelajaran_id`, `kelas`, `semester`, `tahun_pelajaran`, `nilai_pengetahuan`, `predikat_pengetahuan`, `deskripsi_pengetahuan`, `nilai_keterampilan`, `predikat_keterampilan`, `deskripsi_keterampilan`) VALUES (21,4,1,'XII',1,'2024/2025',95,'A','',95,'A','');
INSERT INTO `nilai_semester` (`id`, `siswa_id`, `mata_pelajaran_id`, `kelas`, `semester`, `tahun_pelajaran`, `nilai_pengetahuan`, `predikat_pengetahuan`, `deskripsi_pengetahuan`, `nilai_keterampilan`, `predikat_keterampilan`, `deskripsi_keterampilan`) VALUES (22,4,1,'XII',1,'2024/2025',0,'D','',0,'D','');
INSERT INTO `nilai_semester` (`id`, `siswa_id`, `mata_pelajaran_id`, `kelas`, `semester`, `tahun_pelajaran`, `nilai_pengetahuan`, `predikat_pengetahuan`, `deskripsi_pengetahuan`, `nilai_keterampilan`, `predikat_keterampilan`, `deskripsi_keterampilan`) VALUES (23,4,1,'XII',1,'2024/2025',0,'D','',0,'D','');
INSERT INTO `nilai_semester` (`id`, `siswa_id`, `mata_pelajaran_id`, `kelas`, `semester`, `tahun_pelajaran`, `nilai_pengetahuan`, `predikat_pengetahuan`, `deskripsi_pengetahuan`, `nilai_keterampilan`, `predikat_keterampilan`, `deskripsi_keterampilan`) VALUES (24,4,1,'XII',1,'2024/2025',92,'A','',92,'A','');
INSERT INTO `nilai_semester` (`id`, `siswa_id`, `mata_pelajaran_id`, `kelas`, `semester`, `tahun_pelajaran`, `nilai_pengetahuan`, `predikat_pengetahuan`, `deskripsi_pengetahuan`, `nilai_keterampilan`, `predikat_keterampilan`, `deskripsi_keterampilan`) VALUES (25,4,1,'XII',1,'2024/2025',0,'D','',0,'D','');
INSERT INTO `nilai_semester` (`id`, `siswa_id`, `mata_pelajaran_id`, `kelas`, `semester`, `tahun_pelajaran`, `nilai_pengetahuan`, `predikat_pengetahuan`, `deskripsi_pengetahuan`, `nilai_keterampilan`, `predikat_keterampilan`, `deskripsi_keterampilan`) VALUES (26,4,1,'XII',1,'2024/2025',93,'A','',93,'A','');
INSERT INTO `nilai_semester` (`id`, `siswa_id`, `mata_pelajaran_id`, `kelas`, `semester`, `tahun_pelajaran`, `nilai_pengetahuan`, `predikat_pengetahuan`, `deskripsi_pengetahuan`, `nilai_keterampilan`, `predikat_keterampilan`, `deskripsi_keterampilan`) VALUES (27,4,1,'XII',1,'2024/2025',93,'A','',93,'A','');
INSERT INTO `nilai_semester` (`id`, `siswa_id`, `mata_pelajaran_id`, `kelas`, `semester`, `tahun_pelajaran`, `nilai_pengetahuan`, `predikat_pengetahuan`, `deskripsi_pengetahuan`, `nilai_keterampilan`, `predikat_keterampilan`, `deskripsi_keterampilan`) VALUES (28,4,1,'XII',1,'2024/2025',92,'A','',92,'A','');
INSERT INTO `nilai_semester` (`id`, `siswa_id`, `mata_pelajaran_id`, `kelas`, `semester`, `tahun_pelajaran`, `nilai_pengetahuan`, `predikat_pengetahuan`, `deskripsi_pengetahuan`, `nilai_keterampilan`, `predikat_keterampilan`, `deskripsi_keterampilan`) VALUES (29,5,1,'XII',1,'2024/2025',0,'D','',0,'D','');
INSERT INTO `nilai_semester` (`id`, `siswa_id`, `mata_pelajaran_id`, `kelas`, `semester`, `tahun_pelajaran`, `nilai_pengetahuan`, `predikat_pengetahuan`, `deskripsi_pengetahuan`, `nilai_keterampilan`, `predikat_keterampilan`, `deskripsi_keterampilan`) VALUES (30,5,1,'XII',1,'2024/2025',93,'A','',93,'A','');
INSERT INTO `nilai_semester` (`id`, `siswa_id`, `mata_pelajaran_id`, `kelas`, `semester`, `tahun_pelajaran`, `nilai_pengetahuan`, `predikat_pengetahuan`, `deskripsi_pengetahuan`, `nilai_keterampilan`, `predikat_keterampilan`, `deskripsi_keterampilan`) VALUES (31,5,1,'XII',1,'2024/2025',93,'A','',93,'A','');
INSERT INTO `nilai_semester` (`id`, `siswa_id`, `mata_pelajaran_id`, `kelas`, `semester`, `tahun_pelajaran`, `nilai_pengetahuan`, `predikat_pengetahuan`, `deskripsi_pengetahuan`, `nilai_keterampilan`, `predikat_keterampilan`, `deskripsi_keterampilan`) VALUES (32,5,1,'XII',1,'2024/2025',94,'A','',94,'A','');
INSERT INTO `nilai_semester` (`id`, `siswa_id`, `mata_pelajaran_id`, `kelas`, `semester`, `tahun_pelajaran`, `nilai_pengetahuan`, `predikat_pengetahuan`, `deskripsi_pengetahuan`, `nilai_keterampilan`, `predikat_keterampilan`, `deskripsi_keterampilan`) VALUES (33,5,1,'XII',1,'2024/2025',92,'A','',92,'A','');
INSERT INTO `nilai_semester` (`id`, `siswa_id`, `mata_pelajaran_id`, `kelas`, `semester`, `tahun_pelajaran`, `nilai_pengetahuan`, `predikat_pengetahuan`, `deskripsi_pengetahuan`, `nilai_keterampilan`, `predikat_keterampilan`, `deskripsi_keterampilan`) VALUES (34,5,1,'XII',1,'2024/2025',90,'B','',90,'B','');
INSERT INTO `nilai_semester` (`id`, `siswa_id`, `mata_pelajaran_id`, `kelas`, `semester`, `tahun_pelajaran`, `nilai_pengetahuan`, `predikat_pengetahuan`, `deskripsi_pengetahuan`, `nilai_keterampilan`, `predikat_keterampilan`, `deskripsi_keterampilan`) VALUES (35,5,1,'XII',1,'2024/2025',93,'A','',93,'A','');
INSERT INTO `nilai_semester` (`id`, `siswa_id`, `mata_pelajaran_id`, `kelas`, `semester`, `tahun_pelajaran`, `nilai_pengetahuan`, `predikat_pengetahuan`, `deskripsi_pengetahuan`, `nilai_keterampilan`, `predikat_keterampilan`, `deskripsi_keterampilan`) VALUES (36,5,2,'XII',1,'2024/2025',0,'D','',0,'D','');
INSERT INTO `nilai_semester` (`id`, `siswa_id`, `mata_pelajaran_id`, `kelas`, `semester`, `tahun_pelajaran`, `nilai_pengetahuan`, `predikat_pengetahuan`, `deskripsi_pengetahuan`, `nilai_keterampilan`, `predikat_keterampilan`, `deskripsi_keterampilan`) VALUES (37,5,3,'XII',1,'2024/2025',0,'D','',0,'D','');
INSERT INTO `nilai_semester` (`id`, `siswa_id`, `mata_pelajaran_id`, `kelas`, `semester`, `tahun_pelajaran`, `nilai_pengetahuan`, `predikat_pengetahuan`, `deskripsi_pengetahuan`, `nilai_keterampilan`, `predikat_keterampilan`, `deskripsi_keterampilan`) VALUES (38,5,1,'XII',1,'2024/2025',87,'B','',87,'B','');
INSERT INTO `nilai_semester` (`id`, `siswa_id`, `mata_pelajaran_id`, `kelas`, `semester`, `tahun_pelajaran`, `nilai_pengetahuan`, `predikat_pengetahuan`, `deskripsi_pengetahuan`, `nilai_keterampilan`, `predikat_keterampilan`, `deskripsi_keterampilan`) VALUES (39,5,1,'XII',1,'2024/2025',95,'A','',95,'A','');
INSERT INTO `nilai_semester` (`id`, `siswa_id`, `mata_pelajaran_id`, `kelas`, `semester`, `tahun_pelajaran`, `nilai_pengetahuan`, `predikat_pengetahuan`, `deskripsi_pengetahuan`, `nilai_keterampilan`, `predikat_keterampilan`, `deskripsi_keterampilan`) VALUES (40,5,1,'XII',1,'2024/2025',0,'D','',0,'D','');
INSERT INTO `nilai_semester` (`id`, `siswa_id`, `mata_pelajaran_id`, `kelas`, `semester`, `tahun_pelajaran`, `nilai_pengetahuan`, `predikat_pengetahuan`, `deskripsi_pengetahuan`, `nilai_keterampilan`, `predikat_keterampilan`, `deskripsi_keterampilan`) VALUES (41,5,1,'XII',1,'2024/2025',0,'D','',0,'D','');
INSERT INTO `nilai_semester` (`id`, `siswa_id`, `mata_pelajaran_id`, `kelas`, `semester`, `tahun_pelajaran`, `nilai_pengetahuan`, `predikat_pengetahuan`, `deskripsi_pengetahuan`, `nilai_keterampilan`, `predikat_keterampilan`, `deskripsi_keterampilan`) VALUES (42,5,1,'XII',1,'2024/2025',91,'A','',91,'A','');
INSERT INTO `nilai_semester` (`id`, `siswa_id`, `mata_pelajaran_id`, `kelas`, `semester`, `tahun_pelajaran`, `nilai_pengetahuan`, `predikat_pengetahuan`, `deskripsi_pengetahuan`, `nilai_keterampilan`, `predikat_keterampilan`, `deskripsi_keterampilan`) VALUES (43,6,1,'XII',1,'2024/2025',91,'A','',91,'A','');
INSERT INTO `nilai_semester` (`id`, `siswa_id`, `mata_pelajaran_id`, `kelas`, `semester`, `tahun_pelajaran`, `nilai_pengetahuan`, `predikat_pengetahuan`, `deskripsi_pengetahuan`, `nilai_keterampilan`, `predikat_keterampilan`, `deskripsi_keterampilan`) VALUES (44,6,1,'XII',1,'2024/2025',0,'D','',0,'D','');
INSERT INTO `nilai_semester` (`id`, `siswa_id`, `mata_pelajaran_id`, `kelas`, `semester`, `tahun_pelajaran`, `nilai_pengetahuan`, `predikat_pengetahuan`, `deskripsi_pengetahuan`, `nilai_keterampilan`, `predikat_keterampilan`, `deskripsi_keterampilan`) VALUES (45,6,1,'XII',1,'2024/2025',87,'B','',87,'B','');
INSERT INTO `nilai_semester` (`id`, `siswa_id`, `mata_pelajaran_id`, `kelas`, `semester`, `tahun_pelajaran`, `nilai_pengetahuan`, `predikat_pengetahuan`, `deskripsi_pengetahuan`, `nilai_keterampilan`, `predikat_keterampilan`, `deskripsi_keterampilan`) VALUES (46,6,1,'XII',1,'2024/2025',93,'A','',93,'A','');
INSERT INTO `nilai_semester` (`id`, `siswa_id`, `mata_pelajaran_id`, `kelas`, `semester`, `tahun_pelajaran`, `nilai_pengetahuan`, `predikat_pengetahuan`, `deskripsi_pengetahuan`, `nilai_keterampilan`, `predikat_keterampilan`, `deskripsi_keterampilan`) VALUES (47,6,1,'XII',1,'2024/2025',95,'A','',95,'A','');
INSERT INTO `nilai_semester` (`id`, `siswa_id`, `mata_pelajaran_id`, `kelas`, `semester`, `tahun_pelajaran`, `nilai_pengetahuan`, `predikat_pengetahuan`, `deskripsi_pengetahuan`, `nilai_keterampilan`, `predikat_keterampilan`, `deskripsi_keterampilan`) VALUES (48,6,1,'XII',1,'2024/2025',92,'A','',92,'A','');
INSERT INTO `nilai_semester` (`id`, `siswa_id`, `mata_pelajaran_id`, `kelas`, `semester`, `tahun_pelajaran`, `nilai_pengetahuan`, `predikat_pengetahuan`, `deskripsi_pengetahuan`, `nilai_keterampilan`, `predikat_keterampilan`, `deskripsi_keterampilan`) VALUES (49,6,1,'XII',1,'2024/2025',92,'A','',92,'A','');
INSERT INTO `nilai_semester` (`id`, `siswa_id`, `mata_pelajaran_id`, `kelas`, `semester`, `tahun_pelajaran`, `nilai_pengetahuan`, `predikat_pengetahuan`, `deskripsi_pengetahuan`, `nilai_keterampilan`, `predikat_keterampilan`, `deskripsi_keterampilan`) VALUES (50,6,1,'XII',1,'2024/2025',93,'A','',93,'A','');
INSERT INTO `nilai_semester` (`id`, `siswa_id`, `mata_pelajaran_id`, `kelas`, `semester`, `tahun_pelajaran`, `nilai_pengetahuan`, `predikat_pengetahuan`, `deskripsi_pengetahuan`, `nilai_keterampilan`, `predikat_keterampilan`, `deskripsi_keterampilan`) VALUES (51,6,2,'XII',1,'2024/2025',0,'D','',0,'D','');
INSERT INTO `nilai_semester` (`id`, `siswa_id`, `mata_pelajaran_id`, `kelas`, `semester`, `tahun_pelajaran`, `nilai_pengetahuan`, `predikat_pengetahuan`, `deskripsi_pengetahuan`, `nilai_keterampilan`, `predikat_keterampilan`, `deskripsi_keterampilan`) VALUES (52,6,3,'XII',1,'2024/2025',0,'D','',0,'D','');
INSERT INTO `nilai_semester` (`id`, `siswa_id`, `mata_pelajaran_id`, `kelas`, `semester`, `tahun_pelajaran`, `nilai_pengetahuan`, `predikat_pengetahuan`, `deskripsi_pengetahuan`, `nilai_keterampilan`, `predikat_keterampilan`, `deskripsi_keterampilan`) VALUES (53,6,1,'XII',1,'2024/2025',87,'B','',87,'B','');
INSERT INTO `nilai_semester` (`id`, `siswa_id`, `mata_pelajaran_id`, `kelas`, `semester`, `tahun_pelajaran`, `nilai_pengetahuan`, `predikat_pengetahuan`, `deskripsi_pengetahuan`, `nilai_keterampilan`, `predikat_keterampilan`, `deskripsi_keterampilan`) VALUES (54,6,1,'XII',1,'2024/2025',92,'A','',92,'A','');
INSERT INTO `nilai_semester` (`id`, `siswa_id`, `mata_pelajaran_id`, `kelas`, `semester`, `tahun_pelajaran`, `nilai_pengetahuan`, `predikat_pengetahuan`, `deskripsi_pengetahuan`, `nilai_keterampilan`, `predikat_keterampilan`, `deskripsi_keterampilan`) VALUES (55,6,1,'XII',1,'2024/2025',0,'D','',0,'D','');
INSERT INTO `nilai_semester` (`id`, `siswa_id`, `mata_pelajaran_id`, `kelas`, `semester`, `tahun_pelajaran`, `nilai_pengetahuan`, `predikat_pengetahuan`, `deskripsi_pengetahuan`, `nilai_keterampilan`, `predikat_keterampilan`, `deskripsi_keterampilan`) VALUES (56,6,1,'XII',1,'2024/2025',0,'D','',0,'D','');
INSERT INTO `nilai_semester` (`id`, `siswa_id`, `mata_pelajaran_id`, `kelas`, `semester`, `tahun_pelajaran`, `nilai_pengetahuan`, `predikat_pengetahuan`, `deskripsi_pengetahuan`, `nilai_keterampilan`, `predikat_keterampilan`, `deskripsi_keterampilan`) VALUES (57,7,1,'XII',1,'2024/2025',0,'D','',0,'D','');
INSERT INTO `nilai_semester` (`id`, `siswa_id`, `mata_pelajaran_id`, `kelas`, `semester`, `tahun_pelajaran`, `nilai_pengetahuan`, `predikat_pengetahuan`, `deskripsi_pengetahuan`, `nilai_keterampilan`, `predikat_keterampilan`, `deskripsi_keterampilan`) VALUES (58,7,1,'XII',1,'2024/2025',96,'A','',96,'A','');
INSERT INTO `nilai_semester` (`id`, `siswa_id`, `mata_pelajaran_id`, `kelas`, `semester`, `tahun_pelajaran`, `nilai_pengetahuan`, `predikat_pengetahuan`, `deskripsi_pengetahuan`, `nilai_keterampilan`, `predikat_keterampilan`, `deskripsi_keterampilan`) VALUES (59,7,1,'XII',1,'2024/2025',94,'A','',94,'A','');
INSERT INTO `nilai_semester` (`id`, `siswa_id`, `mata_pelajaran_id`, `kelas`, `semester`, `tahun_pelajaran`, `nilai_pengetahuan`, `predikat_pengetahuan`, `deskripsi_pengetahuan`, `nilai_keterampilan`, `predikat_keterampilan`, `deskripsi_keterampilan`) VALUES (60,7,1,'XII',1,'2024/2025',93,'A','',93,'A','');
INSERT INTO `nilai_semester` (`id`, `siswa_id`, `mata_pelajaran_id`, `kelas`, `semester`, `tahun_pelajaran`, `nilai_pengetahuan`, `predikat_pengetahuan`, `deskripsi_pengetahuan`, `nilai_keterampilan`, `predikat_keterampilan`, `deskripsi_keterampilan`) VALUES (61,7,1,'XII',1,'2024/2025',92,'A','',92,'A','');
INSERT INTO `nilai_semester` (`id`, `siswa_id`, `mata_pelajaran_id`, `kelas`, `semester`, `tahun_pelajaran`, `nilai_pengetahuan`, `predikat_pengetahuan`, `deskripsi_pengetahuan`, `nilai_keterampilan`, `predikat_keterampilan`, `deskripsi_keterampilan`) VALUES (62,7,1,'XII',1,'2024/2025',92,'A','',92,'A','');
INSERT INTO `nilai_semester` (`id`, `siswa_id`, `mata_pelajaran_id`, `kelas`, `semester`, `tahun_pelajaran`, `nilai_pengetahuan`, `predikat_pengetahuan`, `deskripsi_pengetahuan`, `nilai_keterampilan`, `predikat_keterampilan`, `deskripsi_keterampilan`) VALUES (63,7,1,'XII',1,'2024/2025',94,'A','',94,'A','');
INSERT INTO `nilai_semester` (`id`, `siswa_id`, `mata_pelajaran_id`, `kelas`, `semester`, `tahun_pelajaran`, `nilai_pengetahuan`, `predikat_pengetahuan`, `deskripsi_pengetahuan`, `nilai_keterampilan`, `predikat_keterampilan`, `deskripsi_keterampilan`) VALUES (64,7,2,'XII',1,'2024/2025',0,'D','',0,'D','');
INSERT INTO `nilai_semester` (`id`, `siswa_id`, `mata_pelajaran_id`, `kelas`, `semester`, `tahun_pelajaran`, `nilai_pengetahuan`, `predikat_pengetahuan`, `deskripsi_pengetahuan`, `nilai_keterampilan`, `predikat_keterampilan`, `deskripsi_keterampilan`) VALUES (65,7,3,'XII',1,'2024/2025',0,'D','',0,'D','');
INSERT INTO `nilai_semester` (`id`, `siswa_id`, `mata_pelajaran_id`, `kelas`, `semester`, `tahun_pelajaran`, `nilai_pengetahuan`, `predikat_pengetahuan`, `deskripsi_pengetahuan`, `nilai_keterampilan`, `predikat_keterampilan`, `deskripsi_keterampilan`) VALUES (66,7,1,'XII',1,'2024/2025',92,'A','',92,'A','');
INSERT INTO `nilai_semester` (`id`, `siswa_id`, `mata_pelajaran_id`, `kelas`, `semester`, `tahun_pelajaran`, `nilai_pengetahuan`, `predikat_pengetahuan`, `deskripsi_pengetahuan`, `nilai_keterampilan`, `predikat_keterampilan`, `deskripsi_keterampilan`) VALUES (67,7,1,'XII',1,'2024/2025',93,'A','',93,'A','');
INSERT INTO `nilai_semester` (`id`, `siswa_id`, `mata_pelajaran_id`, `kelas`, `semester`, `tahun_pelajaran`, `nilai_pengetahuan`, `predikat_pengetahuan`, `deskripsi_pengetahuan`, `nilai_keterampilan`, `predikat_keterampilan`, `deskripsi_keterampilan`) VALUES (68,7,1,'XII',1,'2024/2025',0,'D','',0,'D','');
INSERT INTO `nilai_semester` (`id`, `siswa_id`, `mata_pelajaran_id`, `kelas`, `semester`, `tahun_pelajaran`, `nilai_pengetahuan`, `predikat_pengetahuan`, `deskripsi_pengetahuan`, `nilai_keterampilan`, `predikat_keterampilan`, `deskripsi_keterampilan`) VALUES (69,7,1,'XII',1,'2024/2025',0,'D','',0,'D','');
INSERT INTO `nilai_semester` (`id`, `siswa_id`, `mata_pelajaran_id`, `kelas`, `semester`, `tahun_pelajaran`, `nilai_pengetahuan`, `predikat_pengetahuan`, `deskripsi_pengetahuan`, `nilai_keterampilan`, `predikat_keterampilan`, `deskripsi_keterampilan`) VALUES (70,7,1,'XII',1,'2024/2025',93,'A','',93,'A','');
INSERT INTO `nilai_semester` (`id`, `siswa_id`, `mata_pelajaran_id`, `kelas`, `semester`, `tahun_pelajaran`, `nilai_pengetahuan`, `predikat_pengetahuan`, `deskripsi_pengetahuan`, `nilai_keterampilan`, `predikat_keterampilan`, `deskripsi_keterampilan`) VALUES (71,8,3,'XII',1,'2024/2025',0,'D','',0,'D','');
INSERT INTO `nilai_semester` (`id`, `siswa_id`, `mata_pelajaran_id`, `kelas`, `semester`, `tahun_pelajaran`, `nilai_pengetahuan`, `predikat_pengetahuan`, `deskripsi_pengetahuan`, `nilai_keterampilan`, `predikat_keterampilan`, `deskripsi_keterampilan`) VALUES (72,8,1,'XII',1,'2024/2025',93,'A','',93,'A','');
INSERT INTO `nilai_semester` (`id`, `siswa_id`, `mata_pelajaran_id`, `kelas`, `semester`, `tahun_pelajaran`, `nilai_pengetahuan`, `predikat_pengetahuan`, `deskripsi_pengetahuan`, `nilai_keterampilan`, `predikat_keterampilan`, `deskripsi_keterampilan`) VALUES (73,8,1,'XII',1,'2024/2025',93,'A','',93,'A','');
INSERT INTO `nilai_semester` (`id`, `siswa_id`, `mata_pelajaran_id`, `kelas`, `semester`, `tahun_pelajaran`, `nilai_pengetahuan`, `predikat_pengetahuan`, `deskripsi_pengetahuan`, `nilai_keterampilan`, `predikat_keterampilan`, `deskripsi_keterampilan`) VALUES (74,8,1,'XII',1,'2024/2025',0,'D','',0,'D','');
INSERT INTO `nilai_semester` (`id`, `siswa_id`, `mata_pelajaran_id`, `kelas`, `semester`, `tahun_pelajaran`, `nilai_pengetahuan`, `predikat_pengetahuan`, `deskripsi_pengetahuan`, `nilai_keterampilan`, `predikat_keterampilan`, `deskripsi_keterampilan`) VALUES (75,8,1,'XII',1,'2024/2025',0,'D','',0,'D','');
INSERT INTO `nilai_semester` (`id`, `siswa_id`, `mata_pelajaran_id`, `kelas`, `semester`, `tahun_pelajaran`, `nilai_pengetahuan`, `predikat_pengetahuan`, `deskripsi_pengetahuan`, `nilai_keterampilan`, `predikat_keterampilan`, `deskripsi_keterampilan`) VALUES (76,8,1,'XII',1,'2024/2025',95,'A','',95,'A','');
INSERT INTO `nilai_semester` (`id`, `siswa_id`, `mata_pelajaran_id`, `kelas`, `semester`, `tahun_pelajaran`, `nilai_pengetahuan`, `predikat_pengetahuan`, `deskripsi_pengetahuan`, `nilai_keterampilan`, `predikat_keterampilan`, `deskripsi_keterampilan`) VALUES (77,8,1,'XII',1,'2024/2025',0,'D','',0,'D','');
INSERT INTO `nilai_semester` (`id`, `siswa_id`, `mata_pelajaran_id`, `kelas`, `semester`, `tahun_pelajaran`, `nilai_pengetahuan`, `predikat_pengetahuan`, `deskripsi_pengetahuan`, `nilai_keterampilan`, `predikat_keterampilan`, `deskripsi_keterampilan`) VALUES (78,8,1,'XII',1,'2024/2025',98,'A','',98,'A','');
INSERT INTO `nilai_semester` (`id`, `siswa_id`, `mata_pelajaran_id`, `kelas`, `semester`, `tahun_pelajaran`, `nilai_pengetahuan`, `predikat_pengetahuan`, `deskripsi_pengetahuan`, `nilai_keterampilan`, `predikat_keterampilan`, `deskripsi_keterampilan`) VALUES (79,8,1,'XII',1,'2024/2025',96,'A','',96,'A','');
INSERT INTO `nilai_semester` (`id`, `siswa_id`, `mata_pelajaran_id`, `kelas`, `semester`, `tahun_pelajaran`, `nilai_pengetahuan`, `predikat_pengetahuan`, `deskripsi_pengetahuan`, `nilai_keterampilan`, `predikat_keterampilan`, `deskripsi_keterampilan`) VALUES (80,8,1,'XII',1,'2024/2025',97,'A','',97,'A','');
INSERT INTO `nilai_semester` (`id`, `siswa_id`, `mata_pelajaran_id`, `kelas`, `semester`, `tahun_pelajaran`, `nilai_pengetahuan`, `predikat_pengetahuan`, `deskripsi_pengetahuan`, `nilai_keterampilan`, `predikat_keterampilan`, `deskripsi_keterampilan`) VALUES (81,8,1,'XII',1,'2024/2025',92,'A','',92,'A','');
INSERT INTO `nilai_semester` (`id`, `siswa_id`, `mata_pelajaran_id`, `kelas`, `semester`, `tahun_pelajaran`, `nilai_pengetahuan`, `predikat_pengetahuan`, `deskripsi_pengetahuan`, `nilai_keterampilan`, `predikat_keterampilan`, `deskripsi_keterampilan`) VALUES (82,8,1,'XII',1,'2024/2025',93,'A','',93,'A','');
INSERT INTO `nilai_semester` (`id`, `siswa_id`, `mata_pelajaran_id`, `kelas`, `semester`, `tahun_pelajaran`, `nilai_pengetahuan`, `predikat_pengetahuan`, `deskripsi_pengetahuan`, `nilai_keterampilan`, `predikat_keterampilan`, `deskripsi_keterampilan`) VALUES (83,8,1,'XII',1,'2024/2025',94,'A','',94,'A','');
INSERT INTO `nilai_semester` (`id`, `siswa_id`, `mata_pelajaran_id`, `kelas`, `semester`, `tahun_pelajaran`, `nilai_pengetahuan`, `predikat_pengetahuan`, `deskripsi_pengetahuan`, `nilai_keterampilan`, `predikat_keterampilan`, `deskripsi_keterampilan`) VALUES (84,8,2,'XII',1,'2024/2025',0,'D','',0,'D','');
INSERT INTO `nilai_semester` (`id`, `siswa_id`, `mata_pelajaran_id`, `kelas`, `semester`, `tahun_pelajaran`, `nilai_pengetahuan`, `predikat_pengetahuan`, `deskripsi_pengetahuan`, `nilai_keterampilan`, `predikat_keterampilan`, `deskripsi_keterampilan`) VALUES (85,9,1,'XII',1,'2024/2025',92,'A','',92,'A','');
INSERT INTO `nilai_semester` (`id`, `siswa_id`, `mata_pelajaran_id`, `kelas`, `semester`, `tahun_pelajaran`, `nilai_pengetahuan`, `predikat_pengetahuan`, `deskripsi_pengetahuan`, `nilai_keterampilan`, `predikat_keterampilan`, `deskripsi_keterampilan`) VALUES (86,9,1,'XII',1,'2024/2025',88,'B','',88,'B','');
INSERT INTO `nilai_semester` (`id`, `siswa_id`, `mata_pelajaran_id`, `kelas`, `semester`, `tahun_pelajaran`, `nilai_pengetahuan`, `predikat_pengetahuan`, `deskripsi_pengetahuan`, `nilai_keterampilan`, `predikat_keterampilan`, `deskripsi_keterampilan`) VALUES (87,9,1,'XII',1,'2024/2025',93,'A','',93,'A','');
INSERT INTO `nilai_semester` (`id`, `siswa_id`, `mata_pelajaran_id`, `kelas`, `semester`, `tahun_pelajaran`, `nilai_pengetahuan`, `predikat_pengetahuan`, `deskripsi_pengetahuan`, `nilai_keterampilan`, `predikat_keterampilan`, `deskripsi_keterampilan`) VALUES (88,9,1,'XII',1,'2024/2025',88,'B','',88,'B','');
INSERT INTO `nilai_semester` (`id`, `siswa_id`, `mata_pelajaran_id`, `kelas`, `semester`, `tahun_pelajaran`, `nilai_pengetahuan`, `predikat_pengetahuan`, `deskripsi_pengetahuan`, `nilai_keterampilan`, `predikat_keterampilan`, `deskripsi_keterampilan`) VALUES (89,9,1,'XII',1,'2024/2025',94,'A','',94,'A','');
INSERT INTO `nilai_semester` (`id`, `siswa_id`, `mata_pelajaran_id`, `kelas`, `semester`, `tahun_pelajaran`, `nilai_pengetahuan`, `predikat_pengetahuan`, `deskripsi_pengetahuan`, `nilai_keterampilan`, `predikat_keterampilan`, `deskripsi_keterampilan`) VALUES (90,9,2,'XII',1,'2024/2025',0,'D','',0,'D','');
INSERT INTO `nilai_semester` (`id`, `siswa_id`, `mata_pelajaran_id`, `kelas`, `semester`, `tahun_pelajaran`, `nilai_pengetahuan`, `predikat_pengetahuan`, `deskripsi_pengetahuan`, `nilai_keterampilan`, `predikat_keterampilan`, `deskripsi_keterampilan`) VALUES (91,9,3,'XII',1,'2024/2025',0,'D','',0,'D','');
INSERT INTO `nilai_semester` (`id`, `siswa_id`, `mata_pelajaran_id`, `kelas`, `semester`, `tahun_pelajaran`, `nilai_pengetahuan`, `predikat_pengetahuan`, `deskripsi_pengetahuan`, `nilai_keterampilan`, `predikat_keterampilan`, `deskripsi_keterampilan`) VALUES (92,9,1,'XII',1,'2024/2025',88,'B','',88,'B','');
INSERT INTO `nilai_semester` (`id`, `siswa_id`, `mata_pelajaran_id`, `kelas`, `semester`, `tahun_pelajaran`, `nilai_pengetahuan`, `predikat_pengetahuan`, `deskripsi_pengetahuan`, `nilai_keterampilan`, `predikat_keterampilan`, `deskripsi_keterampilan`) VALUES (93,9,1,'XII',1,'2024/2025',86,'B','',86,'B','');
INSERT INTO `nilai_semester` (`id`, `siswa_id`, `mata_pelajaran_id`, `kelas`, `semester`, `tahun_pelajaran`, `nilai_pengetahuan`, `predikat_pengetahuan`, `deskripsi_pengetahuan`, `nilai_keterampilan`, `predikat_keterampilan`, `deskripsi_keterampilan`) VALUES (94,9,1,'XII',1,'2024/2025',0,'D','',0,'D','');
INSERT INTO `nilai_semester` (`id`, `siswa_id`, `mata_pelajaran_id`, `kelas`, `semester`, `tahun_pelajaran`, `nilai_pengetahuan`, `predikat_pengetahuan`, `deskripsi_pengetahuan`, `nilai_keterampilan`, `predikat_keterampilan`, `deskripsi_keterampilan`) VALUES (95,9,1,'XII',1,'2024/2025',0,'D','',0,'D','');
INSERT INTO `nilai_semester` (`id`, `siswa_id`, `mata_pelajaran_id`, `kelas`, `semester`, `tahun_pelajaran`, `nilai_pengetahuan`, `predikat_pengetahuan`, `deskripsi_pengetahuan`, `nilai_keterampilan`, `predikat_keterampilan`, `deskripsi_keterampilan`) VALUES (96,9,1,'XII',1,'2024/2025',91,'A','',91,'A','');
INSERT INTO `nilai_semester` (`id`, `siswa_id`, `mata_pelajaran_id`, `kelas`, `semester`, `tahun_pelajaran`, `nilai_pengetahuan`, `predikat_pengetahuan`, `deskripsi_pengetahuan`, `nilai_keterampilan`, `predikat_keterampilan`, `deskripsi_keterampilan`) VALUES (97,9,1,'XII',1,'2024/2025',0,'D','',0,'D','');
INSERT INTO `nilai_semester` (`id`, `siswa_id`, `mata_pelajaran_id`, `kelas`, `semester`, `tahun_pelajaran`, `nilai_pengetahuan`, `predikat_pengetahuan`, `deskripsi_pengetahuan`, `nilai_keterampilan`, `predikat_keterampilan`, `deskripsi_keterampilan`) VALUES (98,9,1,'XII',1,'2024/2025',83,'B','',83,'B','');
INSERT INTO `nilai_semester` (`id`, `siswa_id`, `mata_pelajaran_id`, `kelas`, `semester`, `tahun_pelajaran`, `nilai_pengetahuan`, `predikat_pengetahuan`, `deskripsi_pengetahuan`, `nilai_keterampilan`, `predikat_keterampilan`, `deskripsi_keterampilan`) VALUES (99,10,1,'XII',1,'2024/2025',92,'A','',92,'A','');
INSERT INTO `nilai_semester` (`id`, `siswa_id`, `mata_pelajaran_id`, `kelas`, `semester`, `tahun_pelajaran`, `nilai_pengetahuan`, `predikat_pengetahuan`, `deskripsi_pengetahuan`, `nilai_keterampilan`, `predikat_keterampilan`, `deskripsi_keterampilan`) VALUES (100,10,1,'XII',1,'2024/2025',0,'D','',0,'D','');
INSERT INTO `nilai_semester` (`id`, `siswa_id`, `mata_pelajaran_id`, `kelas`, `semester`, `tahun_pelajaran`, `nilai_pengetahuan`, `predikat_pengetahuan`, `deskripsi_pengetahuan`, `nilai_keterampilan`, `predikat_keterampilan`, `deskripsi_keterampilan`) VALUES (101,10,1,'XII',1,'2024/2025',92,'A','',92,'A','');
INSERT INTO `nilai_semester` (`id`, `siswa_id`, `mata_pelajaran_id`, `kelas`, `semester`, `tahun_pelajaran`, `nilai_pengetahuan`, `predikat_pengetahuan`, `deskripsi_pengetahuan`, `nilai_keterampilan`, `predikat_keterampilan`, `deskripsi_keterampilan`) VALUES (102,10,1,'XII',1,'2024/2025',93,'A','',93,'A','');
INSERT INTO `nilai_semester` (`id`, `siswa_id`, `mata_pelajaran_id`, `kelas`, `semester`, `tahun_pelajaran`, `nilai_pengetahuan`, `predikat_pengetahuan`, `deskripsi_pengetahuan`, `nilai_keterampilan`, `predikat_keterampilan`, `deskripsi_keterampilan`) VALUES (103,10,1,'XII',1,'2024/2025',93,'A','',93,'A','');
INSERT INTO `nilai_semester` (`id`, `siswa_id`, `mata_pelajaran_id`, `kelas`, `semester`, `tahun_pelajaran`, `nilai_pengetahuan`, `predikat_pengetahuan`, `deskripsi_pengetahuan`, `nilai_keterampilan`, `predikat_keterampilan`, `deskripsi_keterampilan`) VALUES (104,10,1,'XII',1,'2024/2025',93,'A','',93,'A','');
INSERT INTO `nilai_semester` (`id`, `siswa_id`, `mata_pelajaran_id`, `kelas`, `semester`, `tahun_pelajaran`, `nilai_pengetahuan`, `predikat_pengetahuan`, `deskripsi_pengetahuan`, `nilai_keterampilan`, `predikat_keterampilan`, `deskripsi_keterampilan`) VALUES (105,10,1,'XII',1,'2024/2025',90,'B','',90,'B','');
INSERT INTO `nilai_semester` (`id`, `siswa_id`, `mata_pelajaran_id`, `kelas`, `semester`, `tahun_pelajaran`, `nilai_pengetahuan`, `predikat_pengetahuan`, `deskripsi_pengetahuan`, `nilai_keterampilan`, `predikat_keterampilan`, `deskripsi_keterampilan`) VALUES (106,10,1,'XII',1,'2024/2025',94,'A','',94,'A','');
INSERT INTO `nilai_semester` (`id`, `siswa_id`, `mata_pelajaran_id`, `kelas`, `semester`, `tahun_pelajaran`, `nilai_pengetahuan`, `predikat_pengetahuan`, `deskripsi_pengetahuan`, `nilai_keterampilan`, `predikat_keterampilan`, `deskripsi_keterampilan`) VALUES (107,10,2,'XII',1,'2024/2025',0,'D','',0,'D','');
INSERT INTO `nilai_semester` (`id`, `siswa_id`, `mata_pelajaran_id`, `kelas`, `semester`, `tahun_pelajaran`, `nilai_pengetahuan`, `predikat_pengetahuan`, `deskripsi_pengetahuan`, `nilai_keterampilan`, `predikat_keterampilan`, `deskripsi_keterampilan`) VALUES (108,10,3,'XII',1,'2024/2025',0,'D','',0,'D','');
INSERT INTO `nilai_semester` (`id`, `siswa_id`, `mata_pelajaran_id`, `kelas`, `semester`, `tahun_pelajaran`, `nilai_pengetahuan`, `predikat_pengetahuan`, `deskripsi_pengetahuan`, `nilai_keterampilan`, `predikat_keterampilan`, `deskripsi_keterampilan`) VALUES (109,10,1,'XII',1,'2024/2025',88,'B','',88,'B','');
INSERT INTO `nilai_semester` (`id`, `siswa_id`, `mata_pelajaran_id`, `kelas`, `semester`, `tahun_pelajaran`, `nilai_pengetahuan`, `predikat_pengetahuan`, `deskripsi_pengetahuan`, `nilai_keterampilan`, `predikat_keterampilan`, `deskripsi_keterampilan`) VALUES (110,10,1,'XII',1,'2024/2025',92,'A','',92,'A','');
INSERT INTO `nilai_semester` (`id`, `siswa_id`, `mata_pelajaran_id`, `kelas`, `semester`, `tahun_pelajaran`, `nilai_pengetahuan`, `predikat_pengetahuan`, `deskripsi_pengetahuan`, `nilai_keterampilan`, `predikat_keterampilan`, `deskripsi_keterampilan`) VALUES (111,10,1,'XII',1,'2024/2025',0,'D','',0,'D','');
INSERT INTO `nilai_semester` (`id`, `siswa_id`, `mata_pelajaran_id`, `kelas`, `semester`, `tahun_pelajaran`, `nilai_pengetahuan`, `predikat_pengetahuan`, `deskripsi_pengetahuan`, `nilai_keterampilan`, `predikat_keterampilan`, `deskripsi_keterampilan`) VALUES (112,10,1,'XII',1,'2024/2025',0,'D','',0,'D','');
INSERT INTO `nilai_semester` (`id`, `siswa_id`, `mata_pelajaran_id`, `kelas`, `semester`, `tahun_pelajaran`, `nilai_pengetahuan`, `predikat_pengetahuan`, `deskripsi_pengetahuan`, `nilai_keterampilan`, `predikat_keterampilan`, `deskripsi_keterampilan`) VALUES (113,11,1,'XII',1,'2024/2025',94,'A','',94,'A','');
INSERT INTO `nilai_semester` (`id`, `siswa_id`, `mata_pelajaran_id`, `kelas`, `semester`, `tahun_pelajaran`, `nilai_pengetahuan`, `predikat_pengetahuan`, `deskripsi_pengetahuan`, `nilai_keterampilan`, `predikat_keterampilan`, `deskripsi_keterampilan`) VALUES (114,11,1,'XII',1,'2024/2025',91,'A','',91,'A','');
INSERT INTO `nilai_semester` (`id`, `siswa_id`, `mata_pelajaran_id`, `kelas`, `semester`, `tahun_pelajaran`, `nilai_pengetahuan`, `predikat_pengetahuan`, `deskripsi_pengetahuan`, `nilai_keterampilan`, `predikat_keterampilan`, `deskripsi_keterampilan`) VALUES (115,11,1,'XII',1,'2024/2025',88,'B','',88,'B','');
INSERT INTO `nilai_semester` (`id`, `siswa_id`, `mata_pelajaran_id`, `kelas`, `semester`, `tahun_pelajaran`, `nilai_pengetahuan`, `predikat_pengetahuan`, `deskripsi_pengetahuan`, `nilai_keterampilan`, `predikat_keterampilan`, `deskripsi_keterampilan`) VALUES (116,11,1,'XII',1,'2024/2025',93,'A','',93,'A','');
INSERT INTO `nilai_semester` (`id`, `siswa_id`, `mata_pelajaran_id`, `kelas`, `semester`, `tahun_pelajaran`, `nilai_pengetahuan`, `predikat_pengetahuan`, `deskripsi_pengetahuan`, `nilai_keterampilan`, `predikat_keterampilan`, `deskripsi_keterampilan`) VALUES (117,11,2,'XII',1,'2024/2025',0,'D','',0,'D','');
INSERT INTO `nilai_semester` (`id`, `siswa_id`, `mata_pelajaran_id`, `kelas`, `semester`, `tahun_pelajaran`, `nilai_pengetahuan`, `predikat_pengetahuan`, `deskripsi_pengetahuan`, `nilai_keterampilan`, `predikat_keterampilan`, `deskripsi_keterampilan`) VALUES (118,11,3,'XII',1,'2024/2025',0,'D','',0,'D','');
INSERT INTO `nilai_semester` (`id`, `siswa_id`, `mata_pelajaran_id`, `kelas`, `semester`, `tahun_pelajaran`, `nilai_pengetahuan`, `predikat_pengetahuan`, `deskripsi_pengetahuan`, `nilai_keterampilan`, `predikat_keterampilan`, `deskripsi_keterampilan`) VALUES (119,11,1,'XII',1,'2024/2025',88,'B','',88,'B','');
INSERT INTO `nilai_semester` (`id`, `siswa_id`, `mata_pelajaran_id`, `kelas`, `semester`, `tahun_pelajaran`, `nilai_pengetahuan`, `predikat_pengetahuan`, `deskripsi_pengetahuan`, `nilai_keterampilan`, `predikat_keterampilan`, `deskripsi_keterampilan`) VALUES (120,11,1,'XII',1,'2024/2025',93,'A','',93,'A','');
INSERT INTO `nilai_semester` (`id`, `siswa_id`, `mata_pelajaran_id`, `kelas`, `semester`, `tahun_pelajaran`, `nilai_pengetahuan`, `predikat_pengetahuan`, `deskripsi_pengetahuan`, `nilai_keterampilan`, `predikat_keterampilan`, `deskripsi_keterampilan`) VALUES (121,11,1,'XII',1,'2024/2025',0,'D','',0,'D','');
INSERT INTO `nilai_semester` (`id`, `siswa_id`, `mata_pelajaran_id`, `kelas`, `semester`, `tahun_pelajaran`, `nilai_pengetahuan`, `predikat_pengetahuan`, `deskripsi_pengetahuan`, `nilai_keterampilan`, `predikat_keterampilan`, `deskripsi_keterampilan`) VALUES (122,11,1,'XII',1,'2024/2025',0,'D','',0,'D','');
INSERT INTO `nilai_semester` (`id`, `siswa_id`, `mata_pelajaran_id`, `kelas`, `semester`, `tahun_pelajaran`, `nilai_pengetahuan`, `predikat_pengetahuan`, `deskripsi_pengetahuan`, `nilai_keterampilan`, `predikat_keterampilan`, `deskripsi_keterampilan`) VALUES (123,11,1,'XII',1,'2024/2025',91,'A','',91,'A','');
INSERT INTO `nilai_semester` (`id`, `siswa_id`, `mata_pelajaran_id`, `kelas`, `semester`, `tahun_pelajaran`, `nilai_pengetahuan`, `predikat_pengetahuan`, `deskripsi_pengetahuan`, `nilai_keterampilan`, `predikat_keterampilan`, `deskripsi_keterampilan`) VALUES (124,11,1,'XII',1,'2024/2025',0,'D','',0,'D','');
INSERT INTO `nilai_semester` (`id`, `siswa_id`, `mata_pelajaran_id`, `kelas`, `semester`, `tahun_pelajaran`, `nilai_pengetahuan`, `predikat_pengetahuan`, `deskripsi_pengetahuan`, `nilai_keterampilan`, `predikat_keterampilan`, `deskripsi_keterampilan`) VALUES (125,11,1,'XII',1,'2024/2025',90,'B','',90,'B','');
INSERT INTO `nilai_semester` (`id`, `siswa_id`, `mata_pelajaran_id`, `kelas`, `semester`, `tahun_pelajaran`, `nilai_pengetahuan`, `predikat_pengetahuan`, `deskripsi_pengetahuan`, `nilai_keterampilan`, `predikat_keterampilan`, `deskripsi_keterampilan`) VALUES (126,11,1,'XII',1,'2024/2025',93,'A','',93,'A','');
INSERT INTO `nilai_semester` (`id`, `siswa_id`, `mata_pelajaran_id`, `kelas`, `semester`, `tahun_pelajaran`, `nilai_pengetahuan`, `predikat_pengetahuan`, `deskripsi_pengetahuan`, `nilai_keterampilan`, `predikat_keterampilan`, `deskripsi_keterampilan`) VALUES (127,12,1,'XII',1,'2024/2025',92,'A','',92,'A','');
INSERT INTO `nilai_semester` (`id`, `siswa_id`, `mata_pelajaran_id`, `kelas`, `semester`, `tahun_pelajaran`, `nilai_pengetahuan`, `predikat_pengetahuan`, `deskripsi_pengetahuan`, `nilai_keterampilan`, `predikat_keterampilan`, `deskripsi_keterampilan`) VALUES (128,12,1,'XII',1,'2024/2025',88,'B','',88,'B','');
INSERT INTO `nilai_semester` (`id`, `siswa_id`, `mata_pelajaran_id`, `kelas`, `semester`, `tahun_pelajaran`, `nilai_pengetahuan`, `predikat_pengetahuan`, `deskripsi_pengetahuan`, `nilai_keterampilan`, `predikat_keterampilan`, `deskripsi_keterampilan`) VALUES (129,12,1,'XII',1,'2024/2025',94,'A','',94,'A','');
INSERT INTO `nilai_semester` (`id`, `siswa_id`, `mata_pelajaran_id`, `kelas`, `semester`, `tahun_pelajaran`, `nilai_pengetahuan`, `predikat_pengetahuan`, `deskripsi_pengetahuan`, `nilai_keterampilan`, `predikat_keterampilan`, `deskripsi_keterampilan`) VALUES (130,12,2,'XII',1,'2024/2025',0,'D','',0,'D','');
INSERT INTO `nilai_semester` (`id`, `siswa_id`, `mata_pelajaran_id`, `kelas`, `semester`, `tahun_pelajaran`, `nilai_pengetahuan`, `predikat_pengetahuan`, `deskripsi_pengetahuan`, `nilai_keterampilan`, `predikat_keterampilan`, `deskripsi_keterampilan`) VALUES (131,12,3,'XII',1,'2024/2025',0,'D','',0,'D','');
INSERT INTO `nilai_semester` (`id`, `siswa_id`, `mata_pelajaran_id`, `kelas`, `semester`, `tahun_pelajaran`, `nilai_pengetahuan`, `predikat_pengetahuan`, `deskripsi_pengetahuan`, `nilai_keterampilan`, `predikat_keterampilan`, `deskripsi_keterampilan`) VALUES (132,12,1,'XII',1,'2024/2025',88,'B','',88,'B','');
INSERT INTO `nilai_semester` (`id`, `siswa_id`, `mata_pelajaran_id`, `kelas`, `semester`, `tahun_pelajaran`, `nilai_pengetahuan`, `predikat_pengetahuan`, `deskripsi_pengetahuan`, `nilai_keterampilan`, `predikat_keterampilan`, `deskripsi_keterampilan`) VALUES (133,12,1,'XII',1,'2024/2025',86,'B','',86,'B','');
INSERT INTO `nilai_semester` (`id`, `siswa_id`, `mata_pelajaran_id`, `kelas`, `semester`, `tahun_pelajaran`, `nilai_pengetahuan`, `predikat_pengetahuan`, `deskripsi_pengetahuan`, `nilai_keterampilan`, `predikat_keterampilan`, `deskripsi_keterampilan`) VALUES (134,12,1,'XII',1,'2024/2025',0,'D','',0,'D','');
INSERT INTO `nilai_semester` (`id`, `siswa_id`, `mata_pelajaran_id`, `kelas`, `semester`, `tahun_pelajaran`, `nilai_pengetahuan`, `predikat_pengetahuan`, `deskripsi_pengetahuan`, `nilai_keterampilan`, `predikat_keterampilan`, `deskripsi_keterampilan`) VALUES (135,12,1,'XII',1,'2024/2025',0,'D','',0,'D','');
INSERT INTO `nilai_semester` (`id`, `siswa_id`, `mata_pelajaran_id`, `kelas`, `semester`, `tahun_pelajaran`, `nilai_pengetahuan`, `predikat_pengetahuan`, `deskripsi_pengetahuan`, `nilai_keterampilan`, `predikat_keterampilan`, `deskripsi_keterampilan`) VALUES (136,12,1,'XII',1,'2024/2025',91,'A','',91,'A','');
INSERT INTO `nilai_semester` (`id`, `siswa_id`, `mata_pelajaran_id`, `kelas`, `semester`, `tahun_pelajaran`, `nilai_pengetahuan`, `predikat_pengetahuan`, `deskripsi_pengetahuan`, `nilai_keterampilan`, `predikat_keterampilan`, `deskripsi_keterampilan`) VALUES (137,12,1,'XII',1,'2024/2025',0,'D','',0,'D','');
INSERT INTO `nilai_semester` (`id`, `siswa_id`, `mata_pelajaran_id`, `kelas`, `semester`, `tahun_pelajaran`, `nilai_pengetahuan`, `predikat_pengetahuan`, `deskripsi_pengetahuan`, `nilai_keterampilan`, `predikat_keterampilan`, `deskripsi_keterampilan`) VALUES (138,12,1,'XII',1,'2024/2025',83,'B','',83,'B','');
INSERT INTO `nilai_semester` (`id`, `siswa_id`, `mata_pelajaran_id`, `kelas`, `semester`, `tahun_pelajaran`, `nilai_pengetahuan`, `predikat_pengetahuan`, `deskripsi_pengetahuan`, `nilai_keterampilan`, `predikat_keterampilan`, `deskripsi_keterampilan`) VALUES (139,12,1,'XII',1,'2024/2025',93,'A','',93,'A','');
INSERT INTO `nilai_semester` (`id`, `siswa_id`, `mata_pelajaran_id`, `kelas`, `semester`, `tahun_pelajaran`, `nilai_pengetahuan`, `predikat_pengetahuan`, `deskripsi_pengetahuan`, `nilai_keterampilan`, `predikat_keterampilan`, `deskripsi_keterampilan`) VALUES (140,12,1,'XII',1,'2024/2025',89,'B','',89,'B','');
INSERT INTO `nilai_semester` (`id`, `siswa_id`, `mata_pelajaran_id`, `kelas`, `semester`, `tahun_pelajaran`, `nilai_pengetahuan`, `predikat_pengetahuan`, `deskripsi_pengetahuan`, `nilai_keterampilan`, `predikat_keterampilan`, `deskripsi_keterampilan`) VALUES (141,13,1,'XII',1,'2024/2025',90,'B','',90,'B','');
INSERT INTO `nilai_semester` (`id`, `siswa_id`, `mata_pelajaran_id`, `kelas`, `semester`, `tahun_pelajaran`, `nilai_pengetahuan`, `predikat_pengetahuan`, `deskripsi_pengetahuan`, `nilai_keterampilan`, `predikat_keterampilan`, `deskripsi_keterampilan`) VALUES (142,13,1,'XII',1,'2024/2025',0,'D','',0,'D','');
INSERT INTO `nilai_semester` (`id`, `siswa_id`, `mata_pelajaran_id`, `kelas`, `semester`, `tahun_pelajaran`, `nilai_pengetahuan`, `predikat_pengetahuan`, `deskripsi_pengetahuan`, `nilai_keterampilan`, `predikat_keterampilan`, `deskripsi_keterampilan`) VALUES (143,13,1,'XII',1,'2024/2025',80,'C','',80,'C','');
INSERT INTO `nilai_semester` (`id`, `siswa_id`, `mata_pelajaran_id`, `kelas`, `semester`, `tahun_pelajaran`, `nilai_pengetahuan`, `predikat_pengetahuan`, `deskripsi_pengetahuan`, `nilai_keterampilan`, `predikat_keterampilan`, `deskripsi_keterampilan`) VALUES (144,13,1,'XII',1,'2024/2025',93,'A','',93,'A','');
INSERT INTO `nilai_semester` (`id`, `siswa_id`, `mata_pelajaran_id`, `kelas`, `semester`, `tahun_pelajaran`, `nilai_pengetahuan`, `predikat_pengetahuan`, `deskripsi_pengetahuan`, `nilai_keterampilan`, `predikat_keterampilan`, `deskripsi_keterampilan`) VALUES (145,13,1,'XII',1,'2024/2025',90,'B','',90,'B','');
INSERT INTO `nilai_semester` (`id`, `siswa_id`, `mata_pelajaran_id`, `kelas`, `semester`, `tahun_pelajaran`, `nilai_pengetahuan`, `predikat_pengetahuan`, `deskripsi_pengetahuan`, `nilai_keterampilan`, `predikat_keterampilan`, `deskripsi_keterampilan`) VALUES (146,13,1,'XII',1,'2024/2025',93,'A','',93,'A','');
INSERT INTO `nilai_semester` (`id`, `siswa_id`, `mata_pelajaran_id`, `kelas`, `semester`, `tahun_pelajaran`, `nilai_pengetahuan`, `predikat_pengetahuan`, `deskripsi_pengetahuan`, `nilai_keterampilan`, `predikat_keterampilan`, `deskripsi_keterampilan`) VALUES (147,13,1,'XII',1,'2024/2025',88,'B','',88,'B','');
INSERT INTO `nilai_semester` (`id`, `siswa_id`, `mata_pelajaran_id`, `kelas`, `semester`, `tahun_pelajaran`, `nilai_pengetahuan`, `predikat_pengetahuan`, `deskripsi_pengetahuan`, `nilai_keterampilan`, `predikat_keterampilan`, `deskripsi_keterampilan`) VALUES (148,13,1,'XII',1,'2024/2025',92,'A','',92,'A','');
INSERT INTO `nilai_semester` (`id`, `siswa_id`, `mata_pelajaran_id`, `kelas`, `semester`, `tahun_pelajaran`, `nilai_pengetahuan`, `predikat_pengetahuan`, `deskripsi_pengetahuan`, `nilai_keterampilan`, `predikat_keterampilan`, `deskripsi_keterampilan`) VALUES (149,13,2,'XII',1,'2024/2025',0,'D','',0,'D','');
INSERT INTO `nilai_semester` (`id`, `siswa_id`, `mata_pelajaran_id`, `kelas`, `semester`, `tahun_pelajaran`, `nilai_pengetahuan`, `predikat_pengetahuan`, `deskripsi_pengetahuan`, `nilai_keterampilan`, `predikat_keterampilan`, `deskripsi_keterampilan`) VALUES (150,13,3,'XII',1,'2024/2025',0,'D','',0,'D','');
INSERT INTO `nilai_semester` (`id`, `siswa_id`, `mata_pelajaran_id`, `kelas`, `semester`, `tahun_pelajaran`, `nilai_pengetahuan`, `predikat_pengetahuan`, `deskripsi_pengetahuan`, `nilai_keterampilan`, `predikat_keterampilan`, `deskripsi_keterampilan`) VALUES (151,13,1,'XII',1,'2024/2025',88,'B','',88,'B','');
INSERT INTO `nilai_semester` (`id`, `siswa_id`, `mata_pelajaran_id`, `kelas`, `semester`, `tahun_pelajaran`, `nilai_pengetahuan`, `predikat_pengetahuan`, `deskripsi_pengetahuan`, `nilai_keterampilan`, `predikat_keterampilan`, `deskripsi_keterampilan`) VALUES (152,13,1,'XII',1,'2024/2025',86,'B','',86,'B','');
INSERT INTO `nilai_semester` (`id`, `siswa_id`, `mata_pelajaran_id`, `kelas`, `semester`, `tahun_pelajaran`, `nilai_pengetahuan`, `predikat_pengetahuan`, `deskripsi_pengetahuan`, `nilai_keterampilan`, `predikat_keterampilan`, `deskripsi_keterampilan`) VALUES (153,13,1,'XII',1,'2024/2025',0,'D','',0,'D','');
INSERT INTO `nilai_semester` (`id`, `siswa_id`, `mata_pelajaran_id`, `kelas`, `semester`, `tahun_pelajaran`, `nilai_pengetahuan`, `predikat_pengetahuan`, `deskripsi_pengetahuan`, `nilai_keterampilan`, `predikat_keterampilan`, `deskripsi_keterampilan`) VALUES (154,13,1,'XII',1,'2024/2025',0,'D','',0,'D','');
INSERT INTO `nilai_semester` (`id`, `siswa_id`, `mata_pelajaran_id`, `kelas`, `semester`, `tahun_pelajaran`, `nilai_pengetahuan`, `predikat_pengetahuan`, `deskripsi_pengetahuan`, `nilai_keterampilan`, `predikat_keterampilan`, `deskripsi_keterampilan`) VALUES (155,14,1,'XII',1,'2024/2025',92,'A','',92,'A','');
INSERT INTO `nilai_semester` (`id`, `siswa_id`, `mata_pelajaran_id`, `kelas`, `semester`, `tahun_pelajaran`, `nilai_pengetahuan`, `predikat_pengetahuan`, `deskripsi_pengetahuan`, `nilai_keterampilan`, `predikat_keterampilan`, `deskripsi_keterampilan`) VALUES (156,14,1,'XII',1,'2024/2025',88,'B','',88,'B','');
INSERT INTO `nilai_semester` (`id`, `siswa_id`, `mata_pelajaran_id`, `kelas`, `semester`, `tahun_pelajaran`, `nilai_pengetahuan`, `predikat_pengetahuan`, `deskripsi_pengetahuan`, `nilai_keterampilan`, `predikat_keterampilan`, `deskripsi_keterampilan`) VALUES (157,14,1,'XII',1,'2024/2025',93,'A','',93,'A','');
INSERT INTO `nilai_semester` (`id`, `siswa_id`, `mata_pelajaran_id`, `kelas`, `semester`, `tahun_pelajaran`, `nilai_pengetahuan`, `predikat_pengetahuan`, `deskripsi_pengetahuan`, `nilai_keterampilan`, `predikat_keterampilan`, `deskripsi_keterampilan`) VALUES (158,14,2,'XII',1,'2024/2025',0,'D','',0,'D','');
INSERT INTO `nilai_semester` (`id`, `siswa_id`, `mata_pelajaran_id`, `kelas`, `semester`, `tahun_pelajaran`, `nilai_pengetahuan`, `predikat_pengetahuan`, `deskripsi_pengetahuan`, `nilai_keterampilan`, `predikat_keterampilan`, `deskripsi_keterampilan`) VALUES (159,14,3,'XII',1,'2024/2025',0,'D','',0,'D','');
INSERT INTO `nilai_semester` (`id`, `siswa_id`, `mata_pelajaran_id`, `kelas`, `semester`, `tahun_pelajaran`, `nilai_pengetahuan`, `predikat_pengetahuan`, `deskripsi_pengetahuan`, `nilai_keterampilan`, `predikat_keterampilan`, `deskripsi_keterampilan`) VALUES (160,14,1,'XII',1,'2024/2025',88,'B','',88,'B','');
INSERT INTO `nilai_semester` (`id`, `siswa_id`, `mata_pelajaran_id`, `kelas`, `semester`, `tahun_pelajaran`, `nilai_pengetahuan`, `predikat_pengetahuan`, `deskripsi_pengetahuan`, `nilai_keterampilan`, `predikat_keterampilan`, `deskripsi_keterampilan`) VALUES (161,14,1,'XII',1,'2024/2025',93,'A','',93,'A','');
INSERT INTO `nilai_semester` (`id`, `siswa_id`, `mata_pelajaran_id`, `kelas`, `semester`, `tahun_pelajaran`, `nilai_pengetahuan`, `predikat_pengetahuan`, `deskripsi_pengetahuan`, `nilai_keterampilan`, `predikat_keterampilan`, `deskripsi_keterampilan`) VALUES (162,14,1,'XII',1,'2024/2025',0,'D','',0,'D','');
INSERT INTO `nilai_semester` (`id`, `siswa_id`, `mata_pelajaran_id`, `kelas`, `semester`, `tahun_pelajaran`, `nilai_pengetahuan`, `predikat_pengetahuan`, `deskripsi_pengetahuan`, `nilai_keterampilan`, `predikat_keterampilan`, `deskripsi_keterampilan`) VALUES (163,14,1,'XII',1,'2024/2025',0,'D','',0,'D','');
INSERT INTO `nilai_semester` (`id`, `siswa_id`, `mata_pelajaran_id`, `kelas`, `semester`, `tahun_pelajaran`, `nilai_pengetahuan`, `predikat_pengetahuan`, `deskripsi_pengetahuan`, `nilai_keterampilan`, `predikat_keterampilan`, `deskripsi_keterampilan`) VALUES (164,14,1,'XII',1,'2024/2025',92,'A','',92,'A','');
INSERT INTO `nilai_semester` (`id`, `siswa_id`, `mata_pelajaran_id`, `kelas`, `semester`, `tahun_pelajaran`, `nilai_pengetahuan`, `predikat_pengetahuan`, `deskripsi_pengetahuan`, `nilai_keterampilan`, `predikat_keterampilan`, `deskripsi_keterampilan`) VALUES (165,14,1,'XII',1,'2024/2025',0,'D','',0,'D','');
INSERT INTO `nilai_semester` (`id`, `siswa_id`, `mata_pelajaran_id`, `kelas`, `semester`, `tahun_pelajaran`, `nilai_pengetahuan`, `predikat_pengetahuan`, `deskripsi_pengetahuan`, `nilai_keterampilan`, `predikat_keterampilan`, `deskripsi_keterampilan`) VALUES (166,14,1,'XII',1,'2024/2025',90,'B','',90,'B','');
INSERT INTO `nilai_semester` (`id`, `siswa_id`, `mata_pelajaran_id`, `kelas`, `semester`, `tahun_pelajaran`, `nilai_pengetahuan`, `predikat_pengetahuan`, `deskripsi_pengetahuan`, `nilai_keterampilan`, `predikat_keterampilan`, `deskripsi_keterampilan`) VALUES (167,14,1,'XII',1,'2024/2025',95,'A','',95,'A','');
INSERT INTO `nilai_semester` (`id`, `siswa_id`, `mata_pelajaran_id`, `kelas`, `semester`, `tahun_pelajaran`, `nilai_pengetahuan`, `predikat_pengetahuan`, `deskripsi_pengetahuan`, `nilai_keterampilan`, `predikat_keterampilan`, `deskripsi_keterampilan`) VALUES (168,14,1,'XII',1,'2024/2025',92,'A','',92,'A','');
INSERT INTO `nilai_semester` (`id`, `siswa_id`, `mata_pelajaran_id`, `kelas`, `semester`, `tahun_pelajaran`, `nilai_pengetahuan`, `predikat_pengetahuan`, `deskripsi_pengetahuan`, `nilai_keterampilan`, `predikat_keterampilan`, `deskripsi_keterampilan`) VALUES (169,15,1,'XII',1,'2024/2025',93,'A','',93,'A','');
INSERT INTO `nilai_semester` (`id`, `siswa_id`, `mata_pelajaran_id`, `kelas`, `semester`, `tahun_pelajaran`, `nilai_pengetahuan`, `predikat_pengetahuan`, `deskripsi_pengetahuan`, `nilai_keterampilan`, `predikat_keterampilan`, `deskripsi_keterampilan`) VALUES (170,15,1,'XII',1,'2024/2025',0,'D','',0,'D','');
INSERT INTO `nilai_semester` (`id`, `siswa_id`, `mata_pelajaran_id`, `kelas`, `semester`, `tahun_pelajaran`, `nilai_pengetahuan`, `predikat_pengetahuan`, `deskripsi_pengetahuan`, `nilai_keterampilan`, `predikat_keterampilan`, `deskripsi_keterampilan`) VALUES (171,15,1,'XII',1,'2024/2025',93,'A','',93,'A','');
INSERT INTO `nilai_semester` (`id`, `siswa_id`, `mata_pelajaran_id`, `kelas`, `semester`, `tahun_pelajaran`, `nilai_pengetahuan`, `predikat_pengetahuan`, `deskripsi_pengetahuan`, `nilai_keterampilan`, `predikat_keterampilan`, `deskripsi_keterampilan`) VALUES (172,15,1,'XII',1,'2024/2025',94,'A','',94,'A','');
INSERT INTO `nilai_semester` (`id`, `siswa_id`, `mata_pelajaran_id`, `kelas`, `semester`, `tahun_pelajaran`, `nilai_pengetahuan`, `predikat_pengetahuan`, `deskripsi_pengetahuan`, `nilai_keterampilan`, `predikat_keterampilan`, `deskripsi_keterampilan`) VALUES (173,15,1,'XII',1,'2024/2025',97,'A','',97,'A','');
INSERT INTO `nilai_semester` (`id`, `siswa_id`, `mata_pelajaran_id`, `kelas`, `semester`, `tahun_pelajaran`, `nilai_pengetahuan`, `predikat_pengetahuan`, `deskripsi_pengetahuan`, `nilai_keterampilan`, `predikat_keterampilan`, `deskripsi_keterampilan`) VALUES (174,15,1,'XII',1,'2024/2025',92,'A','',92,'A','');
INSERT INTO `nilai_semester` (`id`, `siswa_id`, `mata_pelajaran_id`, `kelas`, `semester`, `tahun_pelajaran`, `nilai_pengetahuan`, `predikat_pengetahuan`, `deskripsi_pengetahuan`, `nilai_keterampilan`, `predikat_keterampilan`, `deskripsi_keterampilan`) VALUES (175,15,1,'XII',1,'2024/2025',93,'A','',93,'A','');
INSERT INTO `nilai_semester` (`id`, `siswa_id`, `mata_pelajaran_id`, `kelas`, `semester`, `tahun_pelajaran`, `nilai_pengetahuan`, `predikat_pengetahuan`, `deskripsi_pengetahuan`, `nilai_keterampilan`, `predikat_keterampilan`, `deskripsi_keterampilan`) VALUES (176,15,1,'XII',1,'2024/2025',93,'A','',93,'A','');
INSERT INTO `nilai_semester` (`id`, `siswa_id`, `mata_pelajaran_id`, `kelas`, `semester`, `tahun_pelajaran`, `nilai_pengetahuan`, `predikat_pengetahuan`, `deskripsi_pengetahuan`, `nilai_keterampilan`, `predikat_keterampilan`, `deskripsi_keterampilan`) VALUES (177,15,2,'XII',1,'2024/2025',0,'D','',0,'D','');
INSERT INTO `nilai_semester` (`id`, `siswa_id`, `mata_pelajaran_id`, `kelas`, `semester`, `tahun_pelajaran`, `nilai_pengetahuan`, `predikat_pengetahuan`, `deskripsi_pengetahuan`, `nilai_keterampilan`, `predikat_keterampilan`, `deskripsi_keterampilan`) VALUES (178,15,3,'XII',1,'2024/2025',0,'D','',0,'D','');
INSERT INTO `nilai_semester` (`id`, `siswa_id`, `mata_pelajaran_id`, `kelas`, `semester`, `tahun_pelajaran`, `nilai_pengetahuan`, `predikat_pengetahuan`, `deskripsi_pengetahuan`, `nilai_keterampilan`, `predikat_keterampilan`, `deskripsi_keterampilan`) VALUES (179,15,1,'XII',1,'2024/2025',93,'A','',93,'A','');
INSERT INTO `nilai_semester` (`id`, `siswa_id`, `mata_pelajaran_id`, `kelas`, `semester`, `tahun_pelajaran`, `nilai_pengetahuan`, `predikat_pengetahuan`, `deskripsi_pengetahuan`, `nilai_keterampilan`, `predikat_keterampilan`, `deskripsi_keterampilan`) VALUES (180,15,1,'XII',1,'2024/2025',92,'A','',92,'A','');
INSERT INTO `nilai_semester` (`id`, `siswa_id`, `mata_pelajaran_id`, `kelas`, `semester`, `tahun_pelajaran`, `nilai_pengetahuan`, `predikat_pengetahuan`, `deskripsi_pengetahuan`, `nilai_keterampilan`, `predikat_keterampilan`, `deskripsi_keterampilan`) VALUES (181,15,1,'XII',1,'2024/2025',0,'D','',0,'D','');
INSERT INTO `nilai_semester` (`id`, `siswa_id`, `mata_pelajaran_id`, `kelas`, `semester`, `tahun_pelajaran`, `nilai_pengetahuan`, `predikat_pengetahuan`, `deskripsi_pengetahuan`, `nilai_keterampilan`, `predikat_keterampilan`, `deskripsi_keterampilan`) VALUES (182,15,1,'XII',1,'2024/2025',0,'D','',0,'D','');
INSERT INTO `nilai_semester` (`id`, `siswa_id`, `mata_pelajaran_id`, `kelas`, `semester`, `tahun_pelajaran`, `nilai_pengetahuan`, `predikat_pengetahuan`, `deskripsi_pengetahuan`, `nilai_keterampilan`, `predikat_keterampilan`, `deskripsi_keterampilan`) VALUES (183,16,1,'XII',1,'2024/2025',91,'A','',91,'A','');
INSERT INTO `nilai_semester` (`id`, `siswa_id`, `mata_pelajaran_id`, `kelas`, `semester`, `tahun_pelajaran`, `nilai_pengetahuan`, `predikat_pengetahuan`, `deskripsi_pengetahuan`, `nilai_keterampilan`, `predikat_keterampilan`, `deskripsi_keterampilan`) VALUES (184,16,1,'XII',1,'2024/2025',92,'A','',92,'A','');
INSERT INTO `nilai_semester` (`id`, `siswa_id`, `mata_pelajaran_id`, `kelas`, `semester`, `tahun_pelajaran`, `nilai_pengetahuan`, `predikat_pengetahuan`, `deskripsi_pengetahuan`, `nilai_keterampilan`, `predikat_keterampilan`, `deskripsi_keterampilan`) VALUES (185,16,1,'XII',1,'2024/2025',88,'B','',88,'B','');
INSERT INTO `nilai_semester` (`id`, `siswa_id`, `mata_pelajaran_id`, `kelas`, `semester`, `tahun_pelajaran`, `nilai_pengetahuan`, `predikat_pengetahuan`, `deskripsi_pengetahuan`, `nilai_keterampilan`, `predikat_keterampilan`, `deskripsi_keterampilan`) VALUES (186,16,1,'XII',1,'2024/2025',92,'A','',92,'A','');
INSERT INTO `nilai_semester` (`id`, `siswa_id`, `mata_pelajaran_id`, `kelas`, `semester`, `tahun_pelajaran`, `nilai_pengetahuan`, `predikat_pengetahuan`, `deskripsi_pengetahuan`, `nilai_keterampilan`, `predikat_keterampilan`, `deskripsi_keterampilan`) VALUES (187,16,2,'XII',1,'2024/2025',0,'D','',0,'D','');
INSERT INTO `nilai_semester` (`id`, `siswa_id`, `mata_pelajaran_id`, `kelas`, `semester`, `tahun_pelajaran`, `nilai_pengetahuan`, `predikat_pengetahuan`, `deskripsi_pengetahuan`, `nilai_keterampilan`, `predikat_keterampilan`, `deskripsi_keterampilan`) VALUES (188,16,3,'XII',1,'2024/2025',0,'D','',0,'D','');
INSERT INTO `nilai_semester` (`id`, `siswa_id`, `mata_pelajaran_id`, `kelas`, `semester`, `tahun_pelajaran`, `nilai_pengetahuan`, `predikat_pengetahuan`, `deskripsi_pengetahuan`, `nilai_keterampilan`, `predikat_keterampilan`, `deskripsi_keterampilan`) VALUES (189,16,1,'XII',1,'2024/2025',91,'A','',91,'A','');
INSERT INTO `nilai_semester` (`id`, `siswa_id`, `mata_pelajaran_id`, `kelas`, `semester`, `tahun_pelajaran`, `nilai_pengetahuan`, `predikat_pengetahuan`, `deskripsi_pengetahuan`, `nilai_keterampilan`, `predikat_keterampilan`, `deskripsi_keterampilan`) VALUES (190,16,1,'XII',1,'2024/2025',86,'B','',86,'B','');
INSERT INTO `nilai_semester` (`id`, `siswa_id`, `mata_pelajaran_id`, `kelas`, `semester`, `tahun_pelajaran`, `nilai_pengetahuan`, `predikat_pengetahuan`, `deskripsi_pengetahuan`, `nilai_keterampilan`, `predikat_keterampilan`, `deskripsi_keterampilan`) VALUES (191,16,1,'XII',1,'2024/2025',0,'D','',0,'D','');
INSERT INTO `nilai_semester` (`id`, `siswa_id`, `mata_pelajaran_id`, `kelas`, `semester`, `tahun_pelajaran`, `nilai_pengetahuan`, `predikat_pengetahuan`, `deskripsi_pengetahuan`, `nilai_keterampilan`, `predikat_keterampilan`, `deskripsi_keterampilan`) VALUES (192,16,1,'XII',1,'2024/2025',0,'D','',0,'D','');
INSERT INTO `nilai_semester` (`id`, `siswa_id`, `mata_pelajaran_id`, `kelas`, `semester`, `tahun_pelajaran`, `nilai_pengetahuan`, `predikat_pengetahuan`, `deskripsi_pengetahuan`, `nilai_keterampilan`, `predikat_keterampilan`, `deskripsi_keterampilan`) VALUES (193,16,1,'XII',1,'2024/2025',91,'A','',91,'A','');
INSERT INTO `nilai_semester` (`id`, `siswa_id`, `mata_pelajaran_id`, `kelas`, `semester`, `tahun_pelajaran`, `nilai_pengetahuan`, `predikat_pengetahuan`, `deskripsi_pengetahuan`, `nilai_keterampilan`, `predikat_keterampilan`, `deskripsi_keterampilan`) VALUES (194,16,1,'XII',1,'2024/2025',0,'D','',0,'D','');
INSERT INTO `nilai_semester` (`id`, `siswa_id`, `mata_pelajaran_id`, `kelas`, `semester`, `tahun_pelajaran`, `nilai_pengetahuan`, `predikat_pengetahuan`, `deskripsi_pengetahuan`, `nilai_keterampilan`, `predikat_keterampilan`, `deskripsi_keterampilan`) VALUES (195,16,1,'XII',1,'2024/2025',80,'C','',80,'C','');
INSERT INTO `nilai_semester` (`id`, `siswa_id`, `mata_pelajaran_id`, `kelas`, `semester`, `tahun_pelajaran`, `nilai_pengetahuan`, `predikat_pengetahuan`, `deskripsi_pengetahuan`, `nilai_keterampilan`, `predikat_keterampilan`, `deskripsi_keterampilan`) VALUES (196,16,1,'XII',1,'2024/2025',94,'A','',94,'A','');
INSERT INTO `nilai_semester` (`id`, `siswa_id`, `mata_pelajaran_id`, `kelas`, `semester`, `tahun_pelajaran`, `nilai_pengetahuan`, `predikat_pengetahuan`, `deskripsi_pengetahuan`, `nilai_keterampilan`, `predikat_keterampilan`, `deskripsi_keterampilan`) VALUES (197,17,1,'XII',1,'2024/2025',91,'A','',91,'A','');
INSERT INTO `nilai_semester` (`id`, `siswa_id`, `mata_pelajaran_id`, `kelas`, `semester`, `tahun_pelajaran`, `nilai_pengetahuan`, `predikat_pengetahuan`, `deskripsi_pengetahuan`, `nilai_keterampilan`, `predikat_keterampilan`, `deskripsi_keterampilan`) VALUES (198,17,1,'XII',1,'2024/2025',0,'D','',0,'D','');
INSERT INTO `nilai_semester` (`id`, `siswa_id`, `mata_pelajaran_id`, `kelas`, `semester`, `tahun_pelajaran`, `nilai_pengetahuan`, `predikat_pengetahuan`, `deskripsi_pengetahuan`, `nilai_keterampilan`, `predikat_keterampilan`, `deskripsi_keterampilan`) VALUES (199,17,1,'XII',1,'2024/2025',92,'A','',92,'A','');
INSERT INTO `nilai_semester` (`id`, `siswa_id`, `mata_pelajaran_id`, `kelas`, `semester`, `tahun_pelajaran`, `nilai_pengetahuan`, `predikat_pengetahuan`, `deskripsi_pengetahuan`, `nilai_keterampilan`, `predikat_keterampilan`, `deskripsi_keterampilan`) VALUES (200,17,1,'XII',1,'2024/2025',94,'A','',94,'A','');
INSERT INTO `nilai_semester` (`id`, `siswa_id`, `mata_pelajaran_id`, `kelas`, `semester`, `tahun_pelajaran`, `nilai_pengetahuan`, `predikat_pengetahuan`, `deskripsi_pengetahuan`, `nilai_keterampilan`, `predikat_keterampilan`, `deskripsi_keterampilan`) VALUES (201,17,1,'XII',1,'2024/2025',96,'A','',96,'A','');
INSERT INTO `nilai_semester` (`id`, `siswa_id`, `mata_pelajaran_id`, `kelas`, `semester`, `tahun_pelajaran`, `nilai_pengetahuan`, `predikat_pengetahuan`, `deskripsi_pengetahuan`, `nilai_keterampilan`, `predikat_keterampilan`, `deskripsi_keterampilan`) VALUES (202,17,1,'XII',1,'2024/2025',92,'A','',92,'A','');
INSERT INTO `nilai_semester` (`id`, `siswa_id`, `mata_pelajaran_id`, `kelas`, `semester`, `tahun_pelajaran`, `nilai_pengetahuan`, `predikat_pengetahuan`, `deskripsi_pengetahuan`, `nilai_keterampilan`, `predikat_keterampilan`, `deskripsi_keterampilan`) VALUES (203,17,1,'XII',1,'2024/2025',93,'A','',93,'A','');
INSERT INTO `nilai_semester` (`id`, `siswa_id`, `mata_pelajaran_id`, `kelas`, `semester`, `tahun_pelajaran`, `nilai_pengetahuan`, `predikat_pengetahuan`, `deskripsi_pengetahuan`, `nilai_keterampilan`, `predikat_keterampilan`, `deskripsi_keterampilan`) VALUES (204,17,1,'XII',1,'2024/2025',93,'A','',93,'A','');
INSERT INTO `nilai_semester` (`id`, `siswa_id`, `mata_pelajaran_id`, `kelas`, `semester`, `tahun_pelajaran`, `nilai_pengetahuan`, `predikat_pengetahuan`, `deskripsi_pengetahuan`, `nilai_keterampilan`, `predikat_keterampilan`, `deskripsi_keterampilan`) VALUES (205,17,2,'XII',1,'2024/2025',0,'D','',0,'D','');
INSERT INTO `nilai_semester` (`id`, `siswa_id`, `mata_pelajaran_id`, `kelas`, `semester`, `tahun_pelajaran`, `nilai_pengetahuan`, `predikat_pengetahuan`, `deskripsi_pengetahuan`, `nilai_keterampilan`, `predikat_keterampilan`, `deskripsi_keterampilan`) VALUES (206,17,3,'XII',1,'2024/2025',0,'D','',0,'D','');
INSERT INTO `nilai_semester` (`id`, `siswa_id`, `mata_pelajaran_id`, `kelas`, `semester`, `tahun_pelajaran`, `nilai_pengetahuan`, `predikat_pengetahuan`, `deskripsi_pengetahuan`, `nilai_keterampilan`, `predikat_keterampilan`, `deskripsi_keterampilan`) VALUES (207,17,1,'XII',1,'2024/2025',90,'B','',90,'B','');
INSERT INTO `nilai_semester` (`id`, `siswa_id`, `mata_pelajaran_id`, `kelas`, `semester`, `tahun_pelajaran`, `nilai_pengetahuan`, `predikat_pengetahuan`, `deskripsi_pengetahuan`, `nilai_keterampilan`, `predikat_keterampilan`, `deskripsi_keterampilan`) VALUES (208,17,1,'XII',1,'2024/2025',95,'A','',95,'A','');
INSERT INTO `nilai_semester` (`id`, `siswa_id`, `mata_pelajaran_id`, `kelas`, `semester`, `tahun_pelajaran`, `nilai_pengetahuan`, `predikat_pengetahuan`, `deskripsi_pengetahuan`, `nilai_keterampilan`, `predikat_keterampilan`, `deskripsi_keterampilan`) VALUES (209,17,1,'XII',1,'2024/2025',0,'D','',0,'D','');
INSERT INTO `nilai_semester` (`id`, `siswa_id`, `mata_pelajaran_id`, `kelas`, `semester`, `tahun_pelajaran`, `nilai_pengetahuan`, `predikat_pengetahuan`, `deskripsi_pengetahuan`, `nilai_keterampilan`, `predikat_keterampilan`, `deskripsi_keterampilan`) VALUES (210,17,1,'XII',1,'2024/2025',0,'D','',0,'D','');
INSERT INTO `nilai_semester` (`id`, `siswa_id`, `mata_pelajaran_id`, `kelas`, `semester`, `tahun_pelajaran`, `nilai_pengetahuan`, `predikat_pengetahuan`, `deskripsi_pengetahuan`, `nilai_keterampilan`, `predikat_keterampilan`, `deskripsi_keterampilan`) VALUES (211,18,1,'XII',1,'2024/2025',91,'A','',91,'A','');
INSERT INTO `nilai_semester` (`id`, `siswa_id`, `mata_pelajaran_id`, `kelas`, `semester`, `tahun_pelajaran`, `nilai_pengetahuan`, `predikat_pengetahuan`, `deskripsi_pengetahuan`, `nilai_keterampilan`, `predikat_keterampilan`, `deskripsi_keterampilan`) VALUES (212,18,1,'XII',1,'2024/2025',94,'A','',94,'A','');
INSERT INTO `nilai_semester` (`id`, `siswa_id`, `mata_pelajaran_id`, `kelas`, `semester`, `tahun_pelajaran`, `nilai_pengetahuan`, `predikat_pengetahuan`, `deskripsi_pengetahuan`, `nilai_keterampilan`, `predikat_keterampilan`, `deskripsi_keterampilan`) VALUES (213,18,2,'XII',1,'2024/2025',0,'D','',0,'D','');
INSERT INTO `nilai_semester` (`id`, `siswa_id`, `mata_pelajaran_id`, `kelas`, `semester`, `tahun_pelajaran`, `nilai_pengetahuan`, `predikat_pengetahuan`, `deskripsi_pengetahuan`, `nilai_keterampilan`, `predikat_keterampilan`, `deskripsi_keterampilan`) VALUES (214,18,3,'XII',1,'2024/2025',0,'D','',0,'D','');
INSERT INTO `nilai_semester` (`id`, `siswa_id`, `mata_pelajaran_id`, `kelas`, `semester`, `tahun_pelajaran`, `nilai_pengetahuan`, `predikat_pengetahuan`, `deskripsi_pengetahuan`, `nilai_keterampilan`, `predikat_keterampilan`, `deskripsi_keterampilan`) VALUES (215,18,1,'XII',1,'2024/2025',90,'B','',90,'B','');
INSERT INTO `nilai_semester` (`id`, `siswa_id`, `mata_pelajaran_id`, `kelas`, `semester`, `tahun_pelajaran`, `nilai_pengetahuan`, `predikat_pengetahuan`, `deskripsi_pengetahuan`, `nilai_keterampilan`, `predikat_keterampilan`, `deskripsi_keterampilan`) VALUES (216,18,1,'XII',1,'2024/2025',88,'B','',88,'B','');
INSERT INTO `nilai_semester` (`id`, `siswa_id`, `mata_pelajaran_id`, `kelas`, `semester`, `tahun_pelajaran`, `nilai_pengetahuan`, `predikat_pengetahuan`, `deskripsi_pengetahuan`, `nilai_keterampilan`, `predikat_keterampilan`, `deskripsi_keterampilan`) VALUES (217,18,1,'XII',1,'2024/2025',0,'D','',0,'D','');
INSERT INTO `nilai_semester` (`id`, `siswa_id`, `mata_pelajaran_id`, `kelas`, `semester`, `tahun_pelajaran`, `nilai_pengetahuan`, `predikat_pengetahuan`, `deskripsi_pengetahuan`, `nilai_keterampilan`, `predikat_keterampilan`, `deskripsi_keterampilan`) VALUES (218,18,1,'XII',1,'2024/2025',0,'D','',0,'D','');
INSERT INTO `nilai_semester` (`id`, `siswa_id`, `mata_pelajaran_id`, `kelas`, `semester`, `tahun_pelajaran`, `nilai_pengetahuan`, `predikat_pengetahuan`, `deskripsi_pengetahuan`, `nilai_keterampilan`, `predikat_keterampilan`, `deskripsi_keterampilan`) VALUES (219,18,1,'XII',1,'2024/2025',91,'A','',91,'A','');
INSERT INTO `nilai_semester` (`id`, `siswa_id`, `mata_pelajaran_id`, `kelas`, `semester`, `tahun_pelajaran`, `nilai_pengetahuan`, `predikat_pengetahuan`, `deskripsi_pengetahuan`, `nilai_keterampilan`, `predikat_keterampilan`, `deskripsi_keterampilan`) VALUES (220,18,1,'XII',1,'2024/2025',0,'D','',0,'D','');
INSERT INTO `nilai_semester` (`id`, `siswa_id`, `mata_pelajaran_id`, `kelas`, `semester`, `tahun_pelajaran`, `nilai_pengetahuan`, `predikat_pengetahuan`, `deskripsi_pengetahuan`, `nilai_keterampilan`, `predikat_keterampilan`, `deskripsi_keterampilan`) VALUES (221,18,1,'XII',1,'2024/2025',95,'A','',95,'A','');
INSERT INTO `nilai_semester` (`id`, `siswa_id`, `mata_pelajaran_id`, `kelas`, `semester`, `tahun_pelajaran`, `nilai_pengetahuan`, `predikat_pengetahuan`, `deskripsi_pengetahuan`, `nilai_keterampilan`, `predikat_keterampilan`, `deskripsi_keterampilan`) VALUES (222,18,1,'XII',1,'2024/2025',94,'A','',94,'A','');
INSERT INTO `nilai_semester` (`id`, `siswa_id`, `mata_pelajaran_id`, `kelas`, `semester`, `tahun_pelajaran`, `nilai_pengetahuan`, `predikat_pengetahuan`, `deskripsi_pengetahuan`, `nilai_keterampilan`, `predikat_keterampilan`, `deskripsi_keterampilan`) VALUES (223,18,1,'XII',1,'2024/2025',94,'A','',94,'A','');
INSERT INTO `nilai_semester` (`id`, `siswa_id`, `mata_pelajaran_id`, `kelas`, `semester`, `tahun_pelajaran`, `nilai_pengetahuan`, `predikat_pengetahuan`, `deskripsi_pengetahuan`, `nilai_keterampilan`, `predikat_keterampilan`, `deskripsi_keterampilan`) VALUES (224,18,1,'XII',1,'2024/2025',92,'A','',92,'A','');
INSERT INTO `nilai_semester` (`id`, `siswa_id`, `mata_pelajaran_id`, `kelas`, `semester`, `tahun_pelajaran`, `nilai_pengetahuan`, `predikat_pengetahuan`, `deskripsi_pengetahuan`, `nilai_keterampilan`, `predikat_keterampilan`, `deskripsi_keterampilan`) VALUES (225,19,1,'XII',1,'2024/2025',93,'A','',93,'A','');
INSERT INTO `nilai_semester` (`id`, `siswa_id`, `mata_pelajaran_id`, `kelas`, `semester`, `tahun_pelajaran`, `nilai_pengetahuan`, `predikat_pengetahuan`, `deskripsi_pengetahuan`, `nilai_keterampilan`, `predikat_keterampilan`, `deskripsi_keterampilan`) VALUES (226,19,2,'XII',1,'2024/2025',0,'D','',0,'D','');
INSERT INTO `nilai_semester` (`id`, `siswa_id`, `mata_pelajaran_id`, `kelas`, `semester`, `tahun_pelajaran`, `nilai_pengetahuan`, `predikat_pengetahuan`, `deskripsi_pengetahuan`, `nilai_keterampilan`, `predikat_keterampilan`, `deskripsi_keterampilan`) VALUES (227,19,3,'XII',1,'2024/2025',0,'D','',0,'D','');
INSERT INTO `nilai_semester` (`id`, `siswa_id`, `mata_pelajaran_id`, `kelas`, `semester`, `tahun_pelajaran`, `nilai_pengetahuan`, `predikat_pengetahuan`, `deskripsi_pengetahuan`, `nilai_keterampilan`, `predikat_keterampilan`, `deskripsi_keterampilan`) VALUES (228,19,1,'XII',1,'2024/2025',94,'A','',94,'A','');
INSERT INTO `nilai_semester` (`id`, `siswa_id`, `mata_pelajaran_id`, `kelas`, `semester`, `tahun_pelajaran`, `nilai_pengetahuan`, `predikat_pengetahuan`, `deskripsi_pengetahuan`, `nilai_keterampilan`, `predikat_keterampilan`, `deskripsi_keterampilan`) VALUES (229,19,1,'XII',1,'2024/2025',95,'A','',95,'A','');
INSERT INTO `nilai_semester` (`id`, `siswa_id`, `mata_pelajaran_id`, `kelas`, `semester`, `tahun_pelajaran`, `nilai_pengetahuan`, `predikat_pengetahuan`, `deskripsi_pengetahuan`, `nilai_keterampilan`, `predikat_keterampilan`, `deskripsi_keterampilan`) VALUES (230,19,1,'XII',1,'2024/2025',0,'D','',0,'D','');
INSERT INTO `nilai_semester` (`id`, `siswa_id`, `mata_pelajaran_id`, `kelas`, `semester`, `tahun_pelajaran`, `nilai_pengetahuan`, `predikat_pengetahuan`, `deskripsi_pengetahuan`, `nilai_keterampilan`, `predikat_keterampilan`, `deskripsi_keterampilan`) VALUES (231,19,1,'XII',1,'2024/2025',0,'D','',0,'D','');
INSERT INTO `nilai_semester` (`id`, `siswa_id`, `mata_pelajaran_id`, `kelas`, `semester`, `tahun_pelajaran`, `nilai_pengetahuan`, `predikat_pengetahuan`, `deskripsi_pengetahuan`, `nilai_keterampilan`, `predikat_keterampilan`, `deskripsi_keterampilan`) VALUES (232,19,1,'XII',1,'2024/2025',91,'A','',91,'A','');
INSERT INTO `nilai_semester` (`id`, `siswa_id`, `mata_pelajaran_id`, `kelas`, `semester`, `tahun_pelajaran`, `nilai_pengetahuan`, `predikat_pengetahuan`, `deskripsi_pengetahuan`, `nilai_keterampilan`, `predikat_keterampilan`, `deskripsi_keterampilan`) VALUES (233,19,1,'XII',1,'2024/2025',0,'D','',0,'D','');
INSERT INTO `nilai_semester` (`id`, `siswa_id`, `mata_pelajaran_id`, `kelas`, `semester`, `tahun_pelajaran`, `nilai_pengetahuan`, `predikat_pengetahuan`, `deskripsi_pengetahuan`, `nilai_keterampilan`, `predikat_keterampilan`, `deskripsi_keterampilan`) VALUES (234,19,1,'XII',1,'2024/2025',93,'A','',93,'A','');
INSERT INTO `nilai_semester` (`id`, `siswa_id`, `mata_pelajaran_id`, `kelas`, `semester`, `tahun_pelajaran`, `nilai_pengetahuan`, `predikat_pengetahuan`, `deskripsi_pengetahuan`, `nilai_keterampilan`, `predikat_keterampilan`, `deskripsi_keterampilan`) VALUES (235,19,1,'XII',1,'2024/2025',95,'A','',95,'A','');
INSERT INTO `nilai_semester` (`id`, `siswa_id`, `mata_pelajaran_id`, `kelas`, `semester`, `tahun_pelajaran`, `nilai_pengetahuan`, `predikat_pengetahuan`, `deskripsi_pengetahuan`, `nilai_keterampilan`, `predikat_keterampilan`, `deskripsi_keterampilan`) VALUES (236,19,1,'XII',1,'2024/2025',97,'A','',97,'A','');
INSERT INTO `nilai_semester` (`id`, `siswa_id`, `mata_pelajaran_id`, `kelas`, `semester`, `tahun_pelajaran`, `nilai_pengetahuan`, `predikat_pengetahuan`, `deskripsi_pengetahuan`, `nilai_keterampilan`, `predikat_keterampilan`, `deskripsi_keterampilan`) VALUES (237,19,1,'XII',1,'2024/2025',92,'A','',92,'A','');
INSERT INTO `nilai_semester` (`id`, `siswa_id`, `mata_pelajaran_id`, `kelas`, `semester`, `tahun_pelajaran`, `nilai_pengetahuan`, `predikat_pengetahuan`, `deskripsi_pengetahuan`, `nilai_keterampilan`, `predikat_keterampilan`, `deskripsi_keterampilan`) VALUES (238,19,1,'XII',1,'2024/2025',93,'A','',93,'A','');
INSERT INTO `nilai_semester` (`id`, `siswa_id`, `mata_pelajaran_id`, `kelas`, `semester`, `tahun_pelajaran`, `nilai_pengetahuan`, `predikat_pengetahuan`, `deskripsi_pengetahuan`, `nilai_keterampilan`, `predikat_keterampilan`, `deskripsi_keterampilan`) VALUES (239,20,1,'XII',1,'2024/2025',92,'A','',92,'A','');
INSERT INTO `nilai_semester` (`id`, `siswa_id`, `mata_pelajaran_id`, `kelas`, `semester`, `tahun_pelajaran`, `nilai_pengetahuan`, `predikat_pengetahuan`, `deskripsi_pengetahuan`, `nilai_keterampilan`, `predikat_keterampilan`, `deskripsi_keterampilan`) VALUES (240,20,1,'XII',1,'2024/2025',88,'B','',88,'B','');
INSERT INTO `nilai_semester` (`id`, `siswa_id`, `mata_pelajaran_id`, `kelas`, `semester`, `tahun_pelajaran`, `nilai_pengetahuan`, `predikat_pengetahuan`, `deskripsi_pengetahuan`, `nilai_keterampilan`, `predikat_keterampilan`, `deskripsi_keterampilan`) VALUES (241,20,1,'XII',1,'2024/2025',94,'A','',94,'A','');
INSERT INTO `nilai_semester` (`id`, `siswa_id`, `mata_pelajaran_id`, `kelas`, `semester`, `tahun_pelajaran`, `nilai_pengetahuan`, `predikat_pengetahuan`, `deskripsi_pengetahuan`, `nilai_keterampilan`, `predikat_keterampilan`, `deskripsi_keterampilan`) VALUES (242,20,2,'XII',1,'2024/2025',0,'D','',0,'D','');
INSERT INTO `nilai_semester` (`id`, `siswa_id`, `mata_pelajaran_id`, `kelas`, `semester`, `tahun_pelajaran`, `nilai_pengetahuan`, `predikat_pengetahuan`, `deskripsi_pengetahuan`, `nilai_keterampilan`, `predikat_keterampilan`, `deskripsi_keterampilan`) VALUES (243,20,3,'XII',1,'2024/2025',0,'D','',0,'D','');
INSERT INTO `nilai_semester` (`id`, `siswa_id`, `mata_pelajaran_id`, `kelas`, `semester`, `tahun_pelajaran`, `nilai_pengetahuan`, `predikat_pengetahuan`, `deskripsi_pengetahuan`, `nilai_keterampilan`, `predikat_keterampilan`, `deskripsi_keterampilan`) VALUES (244,20,1,'XII',1,'2024/2025',86,'B','',86,'B','');
INSERT INTO `nilai_semester` (`id`, `siswa_id`, `mata_pelajaran_id`, `kelas`, `semester`, `tahun_pelajaran`, `nilai_pengetahuan`, `predikat_pengetahuan`, `deskripsi_pengetahuan`, `nilai_keterampilan`, `predikat_keterampilan`, `deskripsi_keterampilan`) VALUES (245,20,1,'XII',1,'2024/2025',93,'A','',93,'A','');
INSERT INTO `nilai_semester` (`id`, `siswa_id`, `mata_pelajaran_id`, `kelas`, `semester`, `tahun_pelajaran`, `nilai_pengetahuan`, `predikat_pengetahuan`, `deskripsi_pengetahuan`, `nilai_keterampilan`, `predikat_keterampilan`, `deskripsi_keterampilan`) VALUES (246,20,1,'XII',1,'2024/2025',0,'D','',0,'D','');
INSERT INTO `nilai_semester` (`id`, `siswa_id`, `mata_pelajaran_id`, `kelas`, `semester`, `tahun_pelajaran`, `nilai_pengetahuan`, `predikat_pengetahuan`, `deskripsi_pengetahuan`, `nilai_keterampilan`, `predikat_keterampilan`, `deskripsi_keterampilan`) VALUES (247,20,1,'XII',1,'2024/2025',0,'D','',0,'D','');
INSERT INTO `nilai_semester` (`id`, `siswa_id`, `mata_pelajaran_id`, `kelas`, `semester`, `tahun_pelajaran`, `nilai_pengetahuan`, `predikat_pengetahuan`, `deskripsi_pengetahuan`, `nilai_keterampilan`, `predikat_keterampilan`, `deskripsi_keterampilan`) VALUES (248,20,1,'XII',1,'2024/2025',91,'A','',91,'A','');
INSERT INTO `nilai_semester` (`id`, `siswa_id`, `mata_pelajaran_id`, `kelas`, `semester`, `tahun_pelajaran`, `nilai_pengetahuan`, `predikat_pengetahuan`, `deskripsi_pengetahuan`, `nilai_keterampilan`, `predikat_keterampilan`, `deskripsi_keterampilan`) VALUES (249,20,1,'XII',1,'2024/2025',0,'D','',0,'D','');
INSERT INTO `nilai_semester` (`id`, `siswa_id`, `mata_pelajaran_id`, `kelas`, `semester`, `tahun_pelajaran`, `nilai_pengetahuan`, `predikat_pengetahuan`, `deskripsi_pengetahuan`, `nilai_keterampilan`, `predikat_keterampilan`, `deskripsi_keterampilan`) VALUES (250,20,1,'XII',1,'2024/2025',93,'A','',93,'A','');
INSERT INTO `nilai_semester` (`id`, `siswa_id`, `mata_pelajaran_id`, `kelas`, `semester`, `tahun_pelajaran`, `nilai_pengetahuan`, `predikat_pengetahuan`, `deskripsi_pengetahuan`, `nilai_keterampilan`, `predikat_keterampilan`, `deskripsi_keterampilan`) VALUES (251,20,1,'XII',1,'2024/2025',93,'A','',93,'A','');
INSERT INTO `nilai_semester` (`id`, `siswa_id`, `mata_pelajaran_id`, `kelas`, `semester`, `tahun_pelajaran`, `nilai_pengetahuan`, `predikat_pengetahuan`, `deskripsi_pengetahuan`, `nilai_keterampilan`, `predikat_keterampilan`, `deskripsi_keterampilan`) VALUES (252,20,1,'XII',1,'2024/2025',91,'A','',91,'A','');
INSERT INTO `nilai_semester` (`id`, `siswa_id`, `mata_pelajaran_id`, `kelas`, `semester`, `tahun_pelajaran`, `nilai_pengetahuan`, `predikat_pengetahuan`, `deskripsi_pengetahuan`, `nilai_keterampilan`, `predikat_keterampilan`, `deskripsi_keterampilan`) VALUES (253,21,1,'XII',1,'2024/2025',93,'A','',93,'A','');
INSERT INTO `nilai_semester` (`id`, `siswa_id`, `mata_pelajaran_id`, `kelas`, `semester`, `tahun_pelajaran`, `nilai_pengetahuan`, `predikat_pengetahuan`, `deskripsi_pengetahuan`, `nilai_keterampilan`, `predikat_keterampilan`, `deskripsi_keterampilan`) VALUES (254,21,1,'XII',1,'2024/2025',0,'D','',0,'D','');
INSERT INTO `nilai_semester` (`id`, `siswa_id`, `mata_pelajaran_id`, `kelas`, `semester`, `tahun_pelajaran`, `nilai_pengetahuan`, `predikat_pengetahuan`, `deskripsi_pengetahuan`, `nilai_keterampilan`, `predikat_keterampilan`, `deskripsi_keterampilan`) VALUES (255,21,1,'XII',1,'2024/2025',83,'B','',83,'B','');
INSERT INTO `nilai_semester` (`id`, `siswa_id`, `mata_pelajaran_id`, `kelas`, `semester`, `tahun_pelajaran`, `nilai_pengetahuan`, `predikat_pengetahuan`, `deskripsi_pengetahuan`, `nilai_keterampilan`, `predikat_keterampilan`, `deskripsi_keterampilan`) VALUES (256,21,1,'XII',1,'2024/2025',93,'A','',93,'A','');
INSERT INTO `nilai_semester` (`id`, `siswa_id`, `mata_pelajaran_id`, `kelas`, `semester`, `tahun_pelajaran`, `nilai_pengetahuan`, `predikat_pengetahuan`, `deskripsi_pengetahuan`, `nilai_keterampilan`, `predikat_keterampilan`, `deskripsi_keterampilan`) VALUES (257,21,1,'XII',1,'2024/2025',94,'A','',94,'A','');
INSERT INTO `nilai_semester` (`id`, `siswa_id`, `mata_pelajaran_id`, `kelas`, `semester`, `tahun_pelajaran`, `nilai_pengetahuan`, `predikat_pengetahuan`, `deskripsi_pengetahuan`, `nilai_keterampilan`, `predikat_keterampilan`, `deskripsi_keterampilan`) VALUES (258,21,1,'XII',1,'2024/2025',92,'A','',92,'A','');
INSERT INTO `nilai_semester` (`id`, `siswa_id`, `mata_pelajaran_id`, `kelas`, `semester`, `tahun_pelajaran`, `nilai_pengetahuan`, `predikat_pengetahuan`, `deskripsi_pengetahuan`, `nilai_keterampilan`, `predikat_keterampilan`, `deskripsi_keterampilan`) VALUES (259,21,1,'XII',1,'2024/2025',92,'A','',92,'A','');
INSERT INTO `nilai_semester` (`id`, `siswa_id`, `mata_pelajaran_id`, `kelas`, `semester`, `tahun_pelajaran`, `nilai_pengetahuan`, `predikat_pengetahuan`, `deskripsi_pengetahuan`, `nilai_keterampilan`, `predikat_keterampilan`, `deskripsi_keterampilan`) VALUES (260,21,1,'XII',1,'2024/2025',94,'A','',94,'A','');
INSERT INTO `nilai_semester` (`id`, `siswa_id`, `mata_pelajaran_id`, `kelas`, `semester`, `tahun_pelajaran`, `nilai_pengetahuan`, `predikat_pengetahuan`, `deskripsi_pengetahuan`, `nilai_keterampilan`, `predikat_keterampilan`, `deskripsi_keterampilan`) VALUES (261,21,2,'XII',1,'2024/2025',0,'D','',0,'D','');
INSERT INTO `nilai_semester` (`id`, `siswa_id`, `mata_pelajaran_id`, `kelas`, `semester`, `tahun_pelajaran`, `nilai_pengetahuan`, `predikat_pengetahuan`, `deskripsi_pengetahuan`, `nilai_keterampilan`, `predikat_keterampilan`, `deskripsi_keterampilan`) VALUES (262,21,3,'XII',1,'2024/2025',0,'D','',0,'D','');
INSERT INTO `nilai_semester` (`id`, `siswa_id`, `mata_pelajaran_id`, `kelas`, `semester`, `tahun_pelajaran`, `nilai_pengetahuan`, `predikat_pengetahuan`, `deskripsi_pengetahuan`, `nilai_keterampilan`, `predikat_keterampilan`, `deskripsi_keterampilan`) VALUES (263,21,1,'XII',1,'2024/2025',89,'B','',89,'B','');
INSERT INTO `nilai_semester` (`id`, `siswa_id`, `mata_pelajaran_id`, `kelas`, `semester`, `tahun_pelajaran`, `nilai_pengetahuan`, `predikat_pengetahuan`, `deskripsi_pengetahuan`, `nilai_keterampilan`, `predikat_keterampilan`, `deskripsi_keterampilan`) VALUES (264,21,1,'XII',1,'2024/2025',88,'B','',88,'B','');
INSERT INTO `nilai_semester` (`id`, `siswa_id`, `mata_pelajaran_id`, `kelas`, `semester`, `tahun_pelajaran`, `nilai_pengetahuan`, `predikat_pengetahuan`, `deskripsi_pengetahuan`, `nilai_keterampilan`, `predikat_keterampilan`, `deskripsi_keterampilan`) VALUES (265,21,1,'XII',1,'2024/2025',0,'D','',0,'D','');
INSERT INTO `nilai_semester` (`id`, `siswa_id`, `mata_pelajaran_id`, `kelas`, `semester`, `tahun_pelajaran`, `nilai_pengetahuan`, `predikat_pengetahuan`, `deskripsi_pengetahuan`, `nilai_keterampilan`, `predikat_keterampilan`, `deskripsi_keterampilan`) VALUES (266,21,1,'XII',1,'2024/2025',0,'D','',0,'D','');
INSERT INTO `nilai_semester` (`id`, `siswa_id`, `mata_pelajaran_id`, `kelas`, `semester`, `tahun_pelajaran`, `nilai_pengetahuan`, `predikat_pengetahuan`, `deskripsi_pengetahuan`, `nilai_keterampilan`, `predikat_keterampilan`, `deskripsi_keterampilan`) VALUES (267,22,2,'XII',1,'2024/2025',0,'D','',0,'D','');
INSERT INTO `nilai_semester` (`id`, `siswa_id`, `mata_pelajaran_id`, `kelas`, `semester`, `tahun_pelajaran`, `nilai_pengetahuan`, `predikat_pengetahuan`, `deskripsi_pengetahuan`, `nilai_keterampilan`, `predikat_keterampilan`, `deskripsi_keterampilan`) VALUES (268,22,3,'XII',1,'2024/2025',0,'D','',0,'D','');
INSERT INTO `nilai_semester` (`id`, `siswa_id`, `mata_pelajaran_id`, `kelas`, `semester`, `tahun_pelajaran`, `nilai_pengetahuan`, `predikat_pengetahuan`, `deskripsi_pengetahuan`, `nilai_keterampilan`, `predikat_keterampilan`, `deskripsi_keterampilan`) VALUES (269,22,1,'XII',1,'2024/2025',92,'A','',92,'A','');
INSERT INTO `nilai_semester` (`id`, `siswa_id`, `mata_pelajaran_id`, `kelas`, `semester`, `tahun_pelajaran`, `nilai_pengetahuan`, `predikat_pengetahuan`, `deskripsi_pengetahuan`, `nilai_keterampilan`, `predikat_keterampilan`, `deskripsi_keterampilan`) VALUES (270,22,1,'XII',1,'2024/2025',88,'B','',88,'B','');
INSERT INTO `nilai_semester` (`id`, `siswa_id`, `mata_pelajaran_id`, `kelas`, `semester`, `tahun_pelajaran`, `nilai_pengetahuan`, `predikat_pengetahuan`, `deskripsi_pengetahuan`, `nilai_keterampilan`, `predikat_keterampilan`, `deskripsi_keterampilan`) VALUES (271,22,1,'XII',1,'2024/2025',0,'D','',0,'D','');
INSERT INTO `nilai_semester` (`id`, `siswa_id`, `mata_pelajaran_id`, `kelas`, `semester`, `tahun_pelajaran`, `nilai_pengetahuan`, `predikat_pengetahuan`, `deskripsi_pengetahuan`, `nilai_keterampilan`, `predikat_keterampilan`, `deskripsi_keterampilan`) VALUES (272,22,1,'XII',1,'2024/2025',0,'D','',0,'D','');
INSERT INTO `nilai_semester` (`id`, `siswa_id`, `mata_pelajaran_id`, `kelas`, `semester`, `tahun_pelajaran`, `nilai_pengetahuan`, `predikat_pengetahuan`, `deskripsi_pengetahuan`, `nilai_keterampilan`, `predikat_keterampilan`, `deskripsi_keterampilan`) VALUES (273,22,1,'XII',1,'2024/2025',91,'A','',91,'A','');
INSERT INTO `nilai_semester` (`id`, `siswa_id`, `mata_pelajaran_id`, `kelas`, `semester`, `tahun_pelajaran`, `nilai_pengetahuan`, `predikat_pengetahuan`, `deskripsi_pengetahuan`, `nilai_keterampilan`, `predikat_keterampilan`, `deskripsi_keterampilan`) VALUES (274,22,1,'XII',1,'2024/2025',0,'D','',0,'D','');
INSERT INTO `nilai_semester` (`id`, `siswa_id`, `mata_pelajaran_id`, `kelas`, `semester`, `tahun_pelajaran`, `nilai_pengetahuan`, `predikat_pengetahuan`, `deskripsi_pengetahuan`, `nilai_keterampilan`, `predikat_keterampilan`, `deskripsi_keterampilan`) VALUES (275,22,1,'XII',1,'2024/2025',83,'B','',83,'B','');
INSERT INTO `nilai_semester` (`id`, `siswa_id`, `mata_pelajaran_id`, `kelas`, `semester`, `tahun_pelajaran`, `nilai_pengetahuan`, `predikat_pengetahuan`, `deskripsi_pengetahuan`, `nilai_keterampilan`, `predikat_keterampilan`, `deskripsi_keterampilan`) VALUES (276,22,1,'XII',1,'2024/2025',93,'A','',93,'A','');
INSERT INTO `nilai_semester` (`id`, `siswa_id`, `mata_pelajaran_id`, `kelas`, `semester`, `tahun_pelajaran`, `nilai_pengetahuan`, `predikat_pengetahuan`, `deskripsi_pengetahuan`, `nilai_keterampilan`, `predikat_keterampilan`, `deskripsi_keterampilan`) VALUES (277,22,1,'XII',1,'2024/2025',92,'A','',92,'A','');
INSERT INTO `nilai_semester` (`id`, `siswa_id`, `mata_pelajaran_id`, `kelas`, `semester`, `tahun_pelajaran`, `nilai_pengetahuan`, `predikat_pengetahuan`, `deskripsi_pengetahuan`, `nilai_keterampilan`, `predikat_keterampilan`, `deskripsi_keterampilan`) VALUES (278,22,1,'XII',1,'2024/2025',92,'A','',92,'A','');
INSERT INTO `nilai_semester` (`id`, `siswa_id`, `mata_pelajaran_id`, `kelas`, `semester`, `tahun_pelajaran`, `nilai_pengetahuan`, `predikat_pengetahuan`, `deskripsi_pengetahuan`, `nilai_keterampilan`, `predikat_keterampilan`, `deskripsi_keterampilan`) VALUES (279,22,1,'XII',1,'2024/2025',91,'A','',91,'A','');
INSERT INTO `nilai_semester` (`id`, `siswa_id`, `mata_pelajaran_id`, `kelas`, `semester`, `tahun_pelajaran`, `nilai_pengetahuan`, `predikat_pengetahuan`, `deskripsi_pengetahuan`, `nilai_keterampilan`, `predikat_keterampilan`, `deskripsi_keterampilan`) VALUES (280,22,1,'XII',1,'2024/2025',93,'A','',93,'A','');
INSERT INTO `nilai_semester` (`id`, `siswa_id`, `mata_pelajaran_id`, `kelas`, `semester`, `tahun_pelajaran`, `nilai_pengetahuan`, `predikat_pengetahuan`, `deskripsi_pengetahuan`, `nilai_keterampilan`, `predikat_keterampilan`, `deskripsi_keterampilan`) VALUES (281,23,1,'XII',1,'2024/2025',93,'A','',93,'A','');
INSERT INTO `nilai_semester` (`id`, `siswa_id`, `mata_pelajaran_id`, `kelas`, `semester`, `tahun_pelajaran`, `nilai_pengetahuan`, `predikat_pengetahuan`, `deskripsi_pengetahuan`, `nilai_keterampilan`, `predikat_keterampilan`, `deskripsi_keterampilan`) VALUES (282,23,1,'XII',1,'2024/2025',88,'B','',88,'B','');
INSERT INTO `nilai_semester` (`id`, `siswa_id`, `mata_pelajaran_id`, `kelas`, `semester`, `tahun_pelajaran`, `nilai_pengetahuan`, `predikat_pengetahuan`, `deskripsi_pengetahuan`, `nilai_keterampilan`, `predikat_keterampilan`, `deskripsi_keterampilan`) VALUES (283,23,1,'XII',1,'2024/2025',93,'A','',93,'A','');
INSERT INTO `nilai_semester` (`id`, `siswa_id`, `mata_pelajaran_id`, `kelas`, `semester`, `tahun_pelajaran`, `nilai_pengetahuan`, `predikat_pengetahuan`, `deskripsi_pengetahuan`, `nilai_keterampilan`, `predikat_keterampilan`, `deskripsi_keterampilan`) VALUES (284,23,2,'XII',1,'2024/2025',0,'D','',0,'D','');
INSERT INTO `nilai_semester` (`id`, `siswa_id`, `mata_pelajaran_id`, `kelas`, `semester`, `tahun_pelajaran`, `nilai_pengetahuan`, `predikat_pengetahuan`, `deskripsi_pengetahuan`, `nilai_keterampilan`, `predikat_keterampilan`, `deskripsi_keterampilan`) VALUES (285,23,3,'XII',1,'2024/2025',0,'D','',0,'D','');
INSERT INTO `nilai_semester` (`id`, `siswa_id`, `mata_pelajaran_id`, `kelas`, `semester`, `tahun_pelajaran`, `nilai_pengetahuan`, `predikat_pengetahuan`, `deskripsi_pengetahuan`, `nilai_keterampilan`, `predikat_keterampilan`, `deskripsi_keterampilan`) VALUES (286,23,1,'XII',1,'2024/2025',86,'B','',86,'B','');
INSERT INTO `nilai_semester` (`id`, `siswa_id`, `mata_pelajaran_id`, `kelas`, `semester`, `tahun_pelajaran`, `nilai_pengetahuan`, `predikat_pengetahuan`, `deskripsi_pengetahuan`, `nilai_keterampilan`, `predikat_keterampilan`, `deskripsi_keterampilan`) VALUES (287,23,1,'XII',1,'2024/2025',93,'A','',93,'A','');
INSERT INTO `nilai_semester` (`id`, `siswa_id`, `mata_pelajaran_id`, `kelas`, `semester`, `tahun_pelajaran`, `nilai_pengetahuan`, `predikat_pengetahuan`, `deskripsi_pengetahuan`, `nilai_keterampilan`, `predikat_keterampilan`, `deskripsi_keterampilan`) VALUES (288,23,1,'XII',1,'2024/2025',0,'D','',0,'D','');
INSERT INTO `nilai_semester` (`id`, `siswa_id`, `mata_pelajaran_id`, `kelas`, `semester`, `tahun_pelajaran`, `nilai_pengetahuan`, `predikat_pengetahuan`, `deskripsi_pengetahuan`, `nilai_keterampilan`, `predikat_keterampilan`, `deskripsi_keterampilan`) VALUES (289,23,1,'XII',1,'2024/2025',0,'D','',0,'D','');
INSERT INTO `nilai_semester` (`id`, `siswa_id`, `mata_pelajaran_id`, `kelas`, `semester`, `tahun_pelajaran`, `nilai_pengetahuan`, `predikat_pengetahuan`, `deskripsi_pengetahuan`, `nilai_keterampilan`, `predikat_keterampilan`, `deskripsi_keterampilan`) VALUES (290,23,1,'XII',1,'2024/2025',91,'A','',91,'A','');
INSERT INTO `nilai_semester` (`id`, `siswa_id`, `mata_pelajaran_id`, `kelas`, `semester`, `tahun_pelajaran`, `nilai_pengetahuan`, `predikat_pengetahuan`, `deskripsi_pengetahuan`, `nilai_keterampilan`, `predikat_keterampilan`, `deskripsi_keterampilan`) VALUES (291,23,1,'XII',1,'2024/2025',0,'D','',0,'D','');
INSERT INTO `nilai_semester` (`id`, `siswa_id`, `mata_pelajaran_id`, `kelas`, `semester`, `tahun_pelajaran`, `nilai_pengetahuan`, `predikat_pengetahuan`, `deskripsi_pengetahuan`, `nilai_keterampilan`, `predikat_keterampilan`, `deskripsi_keterampilan`) VALUES (292,23,1,'XII',1,'2024/2025',90,'B','',90,'B','');
INSERT INTO `nilai_semester` (`id`, `siswa_id`, `mata_pelajaran_id`, `kelas`, `semester`, `tahun_pelajaran`, `nilai_pengetahuan`, `predikat_pengetahuan`, `deskripsi_pengetahuan`, `nilai_keterampilan`, `predikat_keterampilan`, `deskripsi_keterampilan`) VALUES (293,23,1,'XII',1,'2024/2025',93,'A','',93,'A','');
INSERT INTO `nilai_semester` (`id`, `siswa_id`, `mata_pelajaran_id`, `kelas`, `semester`, `tahun_pelajaran`, `nilai_pengetahuan`, `predikat_pengetahuan`, `deskripsi_pengetahuan`, `nilai_keterampilan`, `predikat_keterampilan`, `deskripsi_keterampilan`) VALUES (294,23,1,'XII',1,'2024/2025',92,'A','',92,'A','');
INSERT INTO `nilai_semester` (`id`, `siswa_id`, `mata_pelajaran_id`, `kelas`, `semester`, `tahun_pelajaran`, `nilai_pengetahuan`, `predikat_pengetahuan`, `deskripsi_pengetahuan`, `nilai_keterampilan`, `predikat_keterampilan`, `deskripsi_keterampilan`) VALUES (295,24,1,'XII',1,'2024/2025',92,'A','',92,'A','');
INSERT INTO `nilai_semester` (`id`, `siswa_id`, `mata_pelajaran_id`, `kelas`, `semester`, `tahun_pelajaran`, `nilai_pengetahuan`, `predikat_pengetahuan`, `deskripsi_pengetahuan`, `nilai_keterampilan`, `predikat_keterampilan`, `deskripsi_keterampilan`) VALUES (296,24,1,'XII',1,'2024/2025',0,'D','',0,'D','');
INSERT INTO `nilai_semester` (`id`, `siswa_id`, `mata_pelajaran_id`, `kelas`, `semester`, `tahun_pelajaran`, `nilai_pengetahuan`, `predikat_pengetahuan`, `deskripsi_pengetahuan`, `nilai_keterampilan`, `predikat_keterampilan`, `deskripsi_keterampilan`) VALUES (297,24,1,'XII',1,'2024/2025',84,'B','',84,'B','');
INSERT INTO `nilai_semester` (`id`, `siswa_id`, `mata_pelajaran_id`, `kelas`, `semester`, `tahun_pelajaran`, `nilai_pengetahuan`, `predikat_pengetahuan`, `deskripsi_pengetahuan`, `nilai_keterampilan`, `predikat_keterampilan`, `deskripsi_keterampilan`) VALUES (298,24,1,'XII',1,'2024/2025',93,'A','',93,'A','');
INSERT INTO `nilai_semester` (`id`, `siswa_id`, `mata_pelajaran_id`, `kelas`, `semester`, `tahun_pelajaran`, `nilai_pengetahuan`, `predikat_pengetahuan`, `deskripsi_pengetahuan`, `nilai_keterampilan`, `predikat_keterampilan`, `deskripsi_keterampilan`) VALUES (299,24,1,'XII',1,'2024/2025',92,'A','',92,'A','');
INSERT INTO `nilai_semester` (`id`, `siswa_id`, `mata_pelajaran_id`, `kelas`, `semester`, `tahun_pelajaran`, `nilai_pengetahuan`, `predikat_pengetahuan`, `deskripsi_pengetahuan`, `nilai_keterampilan`, `predikat_keterampilan`, `deskripsi_keterampilan`) VALUES (300,24,1,'XII',1,'2024/2025',92,'A','',92,'A','');
INSERT INTO `nilai_semester` (`id`, `siswa_id`, `mata_pelajaran_id`, `kelas`, `semester`, `tahun_pelajaran`, `nilai_pengetahuan`, `predikat_pengetahuan`, `deskripsi_pengetahuan`, `nilai_keterampilan`, `predikat_keterampilan`, `deskripsi_keterampilan`) VALUES (301,24,1,'XII',1,'2024/2025',88,'B','',88,'B','');
INSERT INTO `nilai_semester` (`id`, `siswa_id`, `mata_pelajaran_id`, `kelas`, `semester`, `tahun_pelajaran`, `nilai_pengetahuan`, `predikat_pengetahuan`, `deskripsi_pengetahuan`, `nilai_keterampilan`, `predikat_keterampilan`, `deskripsi_keterampilan`) VALUES (302,24,1,'XII',1,'2024/2025',93,'A','',93,'A','');
INSERT INTO `nilai_semester` (`id`, `siswa_id`, `mata_pelajaran_id`, `kelas`, `semester`, `tahun_pelajaran`, `nilai_pengetahuan`, `predikat_pengetahuan`, `deskripsi_pengetahuan`, `nilai_keterampilan`, `predikat_keterampilan`, `deskripsi_keterampilan`) VALUES (303,24,2,'XII',1,'2024/2025',0,'D','',0,'D','');
INSERT INTO `nilai_semester` (`id`, `siswa_id`, `mata_pelajaran_id`, `kelas`, `semester`, `tahun_pelajaran`, `nilai_pengetahuan`, `predikat_pengetahuan`, `deskripsi_pengetahuan`, `nilai_keterampilan`, `predikat_keterampilan`, `deskripsi_keterampilan`) VALUES (304,24,3,'XII',1,'2024/2025',0,'D','',0,'D','');
INSERT INTO `nilai_semester` (`id`, `siswa_id`, `mata_pelajaran_id`, `kelas`, `semester`, `tahun_pelajaran`, `nilai_pengetahuan`, `predikat_pengetahuan`, `deskripsi_pengetahuan`, `nilai_keterampilan`, `predikat_keterampilan`, `deskripsi_keterampilan`) VALUES (305,24,1,'XII',1,'2024/2025',86,'B','',86,'B','');
INSERT INTO `nilai_semester` (`id`, `siswa_id`, `mata_pelajaran_id`, `kelas`, `semester`, `tahun_pelajaran`, `nilai_pengetahuan`, `predikat_pengetahuan`, `deskripsi_pengetahuan`, `nilai_keterampilan`, `predikat_keterampilan`, `deskripsi_keterampilan`) VALUES (306,24,1,'XII',1,'2024/2025',88,'B','',88,'B','');
INSERT INTO `nilai_semester` (`id`, `siswa_id`, `mata_pelajaran_id`, `kelas`, `semester`, `tahun_pelajaran`, `nilai_pengetahuan`, `predikat_pengetahuan`, `deskripsi_pengetahuan`, `nilai_keterampilan`, `predikat_keterampilan`, `deskripsi_keterampilan`) VALUES (307,24,1,'XII',1,'2024/2025',0,'D','',0,'D','');
INSERT INTO `nilai_semester` (`id`, `siswa_id`, `mata_pelajaran_id`, `kelas`, `semester`, `tahun_pelajaran`, `nilai_pengetahuan`, `predikat_pengetahuan`, `deskripsi_pengetahuan`, `nilai_keterampilan`, `predikat_keterampilan`, `deskripsi_keterampilan`) VALUES (308,24,1,'XII',1,'2024/2025',0,'D','',0,'D','');
INSERT INTO `nilai_semester` (`id`, `siswa_id`, `mata_pelajaran_id`, `kelas`, `semester`, `tahun_pelajaran`, `nilai_pengetahuan`, `predikat_pengetahuan`, `deskripsi_pengetahuan`, `nilai_keterampilan`, `predikat_keterampilan`, `deskripsi_keterampilan`) VALUES (309,25,1,'XII',1,'2024/2025',0,'D','',0,'D','');
INSERT INTO `nilai_semester` (`id`, `siswa_id`, `mata_pelajaran_id`, `kelas`, `semester`, `tahun_pelajaran`, `nilai_pengetahuan`, `predikat_pengetahuan`, `deskripsi_pengetahuan`, `nilai_keterampilan`, `predikat_keterampilan`, `deskripsi_keterampilan`) VALUES (310,25,1,'XII',1,'2024/2025',92,'A','',92,'A','');
INSERT INTO `nilai_semester` (`id`, `siswa_id`, `mata_pelajaran_id`, `kelas`, `semester`, `tahun_pelajaran`, `nilai_pengetahuan`, `predikat_pengetahuan`, `deskripsi_pengetahuan`, `nilai_keterampilan`, `predikat_keterampilan`, `deskripsi_keterampilan`) VALUES (311,25,1,'XII',1,'2024/2025',0,'D','',0,'D','');
INSERT INTO `nilai_semester` (`id`, `siswa_id`, `mata_pelajaran_id`, `kelas`, `semester`, `tahun_pelajaran`, `nilai_pengetahuan`, `predikat_pengetahuan`, `deskripsi_pengetahuan`, `nilai_keterampilan`, `predikat_keterampilan`, `deskripsi_keterampilan`) VALUES (312,25,1,'XII',1,'2024/2025',93,'A','',93,'A','');
INSERT INTO `nilai_semester` (`id`, `siswa_id`, `mata_pelajaran_id`, `kelas`, `semester`, `tahun_pelajaran`, `nilai_pengetahuan`, `predikat_pengetahuan`, `deskripsi_pengetahuan`, `nilai_keterampilan`, `predikat_keterampilan`, `deskripsi_keterampilan`) VALUES (313,25,1,'XII',1,'2024/2025',93,'A','',93,'A','');
INSERT INTO `nilai_semester` (`id`, `siswa_id`, `mata_pelajaran_id`, `kelas`, `semester`, `tahun_pelajaran`, `nilai_pengetahuan`, `predikat_pengetahuan`, `deskripsi_pengetahuan`, `nilai_keterampilan`, `predikat_keterampilan`, `deskripsi_keterampilan`) VALUES (314,25,1,'XII',1,'2024/2025',92,'A','',92,'A','');
INSERT INTO `nilai_semester` (`id`, `siswa_id`, `mata_pelajaran_id`, `kelas`, `semester`, `tahun_pelajaran`, `nilai_pengetahuan`, `predikat_pengetahuan`, `deskripsi_pengetahuan`, `nilai_keterampilan`, `predikat_keterampilan`, `deskripsi_keterampilan`) VALUES (315,25,1,'XII',1,'2024/2025',92,'A','',92,'A','');
INSERT INTO `nilai_semester` (`id`, `siswa_id`, `mata_pelajaran_id`, `kelas`, `semester`, `tahun_pelajaran`, `nilai_pengetahuan`, `predikat_pengetahuan`, `deskripsi_pengetahuan`, `nilai_keterampilan`, `predikat_keterampilan`, `deskripsi_keterampilan`) VALUES (316,25,1,'XII',1,'2024/2025',88,'B','',88,'B','');
INSERT INTO `nilai_semester` (`id`, `siswa_id`, `mata_pelajaran_id`, `kelas`, `semester`, `tahun_pelajaran`, `nilai_pengetahuan`, `predikat_pengetahuan`, `deskripsi_pengetahuan`, `nilai_keterampilan`, `predikat_keterampilan`, `deskripsi_keterampilan`) VALUES (317,25,1,'XII',1,'2024/2025',93,'A','',93,'A','');
INSERT INTO `nilai_semester` (`id`, `siswa_id`, `mata_pelajaran_id`, `kelas`, `semester`, `tahun_pelajaran`, `nilai_pengetahuan`, `predikat_pengetahuan`, `deskripsi_pengetahuan`, `nilai_keterampilan`, `predikat_keterampilan`, `deskripsi_keterampilan`) VALUES (318,25,2,'XII',1,'2024/2025',0,'D','',0,'D','');
INSERT INTO `nilai_semester` (`id`, `siswa_id`, `mata_pelajaran_id`, `kelas`, `semester`, `tahun_pelajaran`, `nilai_pengetahuan`, `predikat_pengetahuan`, `deskripsi_pengetahuan`, `nilai_keterampilan`, `predikat_keterampilan`, `deskripsi_keterampilan`) VALUES (319,25,3,'XII',1,'2024/2025',0,'D','',0,'D','');
INSERT INTO `nilai_semester` (`id`, `siswa_id`, `mata_pelajaran_id`, `kelas`, `semester`, `tahun_pelajaran`, `nilai_pengetahuan`, `predikat_pengetahuan`, `deskripsi_pengetahuan`, `nilai_keterampilan`, `predikat_keterampilan`, `deskripsi_keterampilan`) VALUES (320,25,1,'XII',1,'2024/2025',88,'B','',88,'B','');
INSERT INTO `nilai_semester` (`id`, `siswa_id`, `mata_pelajaran_id`, `kelas`, `semester`, `tahun_pelajaran`, `nilai_pengetahuan`, `predikat_pengetahuan`, `deskripsi_pengetahuan`, `nilai_keterampilan`, `predikat_keterampilan`, `deskripsi_keterampilan`) VALUES (321,25,1,'XII',1,'2024/2025',92,'A','',92,'A','');
INSERT INTO `nilai_semester` (`id`, `siswa_id`, `mata_pelajaran_id`, `kelas`, `semester`, `tahun_pelajaran`, `nilai_pengetahuan`, `predikat_pengetahuan`, `deskripsi_pengetahuan`, `nilai_keterampilan`, `predikat_keterampilan`, `deskripsi_keterampilan`) VALUES (322,25,1,'XII',1,'2024/2025',0,'D','',0,'D','');
INSERT INTO `nilai_semester` (`id`, `siswa_id`, `mata_pelajaran_id`, `kelas`, `semester`, `tahun_pelajaran`, `nilai_pengetahuan`, `predikat_pengetahuan`, `deskripsi_pengetahuan`, `nilai_keterampilan`, `predikat_keterampilan`, `deskripsi_keterampilan`) VALUES (323,26,1,'XII',1,'2024/2025',96,'A','',96,'A','');
INSERT INTO `nilai_semester` (`id`, `siswa_id`, `mata_pelajaran_id`, `kelas`, `semester`, `tahun_pelajaran`, `nilai_pengetahuan`, `predikat_pengetahuan`, `deskripsi_pengetahuan`, `nilai_keterampilan`, `predikat_keterampilan`, `deskripsi_keterampilan`) VALUES (324,26,1,'XII',1,'2024/2025',92,'A','',92,'A','');
INSERT INTO `nilai_semester` (`id`, `siswa_id`, `mata_pelajaran_id`, `kelas`, `semester`, `tahun_pelajaran`, `nilai_pengetahuan`, `predikat_pengetahuan`, `deskripsi_pengetahuan`, `nilai_keterampilan`, `predikat_keterampilan`, `deskripsi_keterampilan`) VALUES (325,26,1,'XII',1,'2024/2025',92,'A','',92,'A','');
INSERT INTO `nilai_semester` (`id`, `siswa_id`, `mata_pelajaran_id`, `kelas`, `semester`, `tahun_pelajaran`, `nilai_pengetahuan`, `predikat_pengetahuan`, `deskripsi_pengetahuan`, `nilai_keterampilan`, `predikat_keterampilan`, `deskripsi_keterampilan`) VALUES (326,26,1,'XII',1,'2024/2025',94,'A','',94,'A','');
INSERT INTO `nilai_semester` (`id`, `siswa_id`, `mata_pelajaran_id`, `kelas`, `semester`, `tahun_pelajaran`, `nilai_pengetahuan`, `predikat_pengetahuan`, `deskripsi_pengetahuan`, `nilai_keterampilan`, `predikat_keterampilan`, `deskripsi_keterampilan`) VALUES (327,26,2,'XII',1,'2024/2025',0,'D','',0,'D','');
INSERT INTO `nilai_semester` (`id`, `siswa_id`, `mata_pelajaran_id`, `kelas`, `semester`, `tahun_pelajaran`, `nilai_pengetahuan`, `predikat_pengetahuan`, `deskripsi_pengetahuan`, `nilai_keterampilan`, `predikat_keterampilan`, `deskripsi_keterampilan`) VALUES (328,26,3,'XII',1,'2024/2025',0,'D','',0,'D','');
INSERT INTO `nilai_semester` (`id`, `siswa_id`, `mata_pelajaran_id`, `kelas`, `semester`, `tahun_pelajaran`, `nilai_pengetahuan`, `predikat_pengetahuan`, `deskripsi_pengetahuan`, `nilai_keterampilan`, `predikat_keterampilan`, `deskripsi_keterampilan`) VALUES (329,26,1,'XII',1,'2024/2025',92,'A','',92,'A','');
INSERT INTO `nilai_semester` (`id`, `siswa_id`, `mata_pelajaran_id`, `kelas`, `semester`, `tahun_pelajaran`, `nilai_pengetahuan`, `predikat_pengetahuan`, `deskripsi_pengetahuan`, `nilai_keterampilan`, `predikat_keterampilan`, `deskripsi_keterampilan`) VALUES (330,26,1,'XII',1,'2024/2025',92,'A','',92,'A','');
INSERT INTO `nilai_semester` (`id`, `siswa_id`, `mata_pelajaran_id`, `kelas`, `semester`, `tahun_pelajaran`, `nilai_pengetahuan`, `predikat_pengetahuan`, `deskripsi_pengetahuan`, `nilai_keterampilan`, `predikat_keterampilan`, `deskripsi_keterampilan`) VALUES (331,26,1,'XII',1,'2024/2025',0,'D','',0,'D','');
INSERT INTO `nilai_semester` (`id`, `siswa_id`, `mata_pelajaran_id`, `kelas`, `semester`, `tahun_pelajaran`, `nilai_pengetahuan`, `predikat_pengetahuan`, `deskripsi_pengetahuan`, `nilai_keterampilan`, `predikat_keterampilan`, `deskripsi_keterampilan`) VALUES (332,26,1,'XII',1,'2024/2025',0,'D','',0,'D','');
INSERT INTO `nilai_semester` (`id`, `siswa_id`, `mata_pelajaran_id`, `kelas`, `semester`, `tahun_pelajaran`, `nilai_pengetahuan`, `predikat_pengetahuan`, `deskripsi_pengetahuan`, `nilai_keterampilan`, `predikat_keterampilan`, `deskripsi_keterampilan`) VALUES (333,26,1,'XII',1,'2024/2025',92,'A','',92,'A','');
INSERT INTO `nilai_semester` (`id`, `siswa_id`, `mata_pelajaran_id`, `kelas`, `semester`, `tahun_pelajaran`, `nilai_pengetahuan`, `predikat_pengetahuan`, `deskripsi_pengetahuan`, `nilai_keterampilan`, `predikat_keterampilan`, `deskripsi_keterampilan`) VALUES (334,26,1,'XII',1,'2024/2025',0,'D','',0,'D','');
INSERT INTO `nilai_semester` (`id`, `siswa_id`, `mata_pelajaran_id`, `kelas`, `semester`, `tahun_pelajaran`, `nilai_pengetahuan`, `predikat_pengetahuan`, `deskripsi_pengetahuan`, `nilai_keterampilan`, `predikat_keterampilan`, `deskripsi_keterampilan`) VALUES (335,26,1,'XII',1,'2024/2025',95,'A','',95,'A','');
INSERT INTO `nilai_semester` (`id`, `siswa_id`, `mata_pelajaran_id`, `kelas`, `semester`, `tahun_pelajaran`, `nilai_pengetahuan`, `predikat_pengetahuan`, `deskripsi_pengetahuan`, `nilai_keterampilan`, `predikat_keterampilan`, `deskripsi_keterampilan`) VALUES (336,26,1,'XII',1,'2024/2025',93,'A','',93,'A','');
INSERT INTO `nilai_semester` (`id`, `siswa_id`, `mata_pelajaran_id`, `kelas`, `semester`, `tahun_pelajaran`, `nilai_pengetahuan`, `predikat_pengetahuan`, `deskripsi_pengetahuan`, `nilai_keterampilan`, `predikat_keterampilan`, `deskripsi_keterampilan`) VALUES (337,27,1,'XII',1,'2024/2025',94,'A','',94,'A','');
INSERT INTO `nilai_semester` (`id`, `siswa_id`, `mata_pelajaran_id`, `kelas`, `semester`, `tahun_pelajaran`, `nilai_pengetahuan`, `predikat_pengetahuan`, `deskripsi_pengetahuan`, `nilai_keterampilan`, `predikat_keterampilan`, `deskripsi_keterampilan`) VALUES (338,27,1,'XII',1,'2024/2025',89,'B','',89,'B','');
INSERT INTO `nilai_semester` (`id`, `siswa_id`, `mata_pelajaran_id`, `kelas`, `semester`, `tahun_pelajaran`, `nilai_pengetahuan`, `predikat_pengetahuan`, `deskripsi_pengetahuan`, `nilai_keterampilan`, `predikat_keterampilan`, `deskripsi_keterampilan`) VALUES (339,27,1,'XII',1,'2024/2025',92,'A','',92,'A','');
INSERT INTO `nilai_semester` (`id`, `siswa_id`, `mata_pelajaran_id`, `kelas`, `semester`, `tahun_pelajaran`, `nilai_pengetahuan`, `predikat_pengetahuan`, `deskripsi_pengetahuan`, `nilai_keterampilan`, `predikat_keterampilan`, `deskripsi_keterampilan`) VALUES (340,27,1,'XII',1,'2024/2025',88,'B','',88,'B','');
INSERT INTO `nilai_semester` (`id`, `siswa_id`, `mata_pelajaran_id`, `kelas`, `semester`, `tahun_pelajaran`, `nilai_pengetahuan`, `predikat_pengetahuan`, `deskripsi_pengetahuan`, `nilai_keterampilan`, `predikat_keterampilan`, `deskripsi_keterampilan`) VALUES (341,27,1,'XII',1,'2024/2025',94,'A','',94,'A','');
INSERT INTO `nilai_semester` (`id`, `siswa_id`, `mata_pelajaran_id`, `kelas`, `semester`, `tahun_pelajaran`, `nilai_pengetahuan`, `predikat_pengetahuan`, `deskripsi_pengetahuan`, `nilai_keterampilan`, `predikat_keterampilan`, `deskripsi_keterampilan`) VALUES (342,27,2,'XII',1,'2024/2025',0,'D','',0,'D','');
INSERT INTO `nilai_semester` (`id`, `siswa_id`, `mata_pelajaran_id`, `kelas`, `semester`, `tahun_pelajaran`, `nilai_pengetahuan`, `predikat_pengetahuan`, `deskripsi_pengetahuan`, `nilai_keterampilan`, `predikat_keterampilan`, `deskripsi_keterampilan`) VALUES (343,27,3,'XII',1,'2024/2025',0,'D','',0,'D','');
INSERT INTO `nilai_semester` (`id`, `siswa_id`, `mata_pelajaran_id`, `kelas`, `semester`, `tahun_pelajaran`, `nilai_pengetahuan`, `predikat_pengetahuan`, `deskripsi_pengetahuan`, `nilai_keterampilan`, `predikat_keterampilan`, `deskripsi_keterampilan`) VALUES (344,27,1,'XII',1,'2024/2025',89,'B','',89,'B','');
INSERT INTO `nilai_semester` (`id`, `siswa_id`, `mata_pelajaran_id`, `kelas`, `semester`, `tahun_pelajaran`, `nilai_pengetahuan`, `predikat_pengetahuan`, `deskripsi_pengetahuan`, `nilai_keterampilan`, `predikat_keterampilan`, `deskripsi_keterampilan`) VALUES (345,27,1,'XII',1,'2024/2025',87,'B','',87,'B','');
INSERT INTO `nilai_semester` (`id`, `siswa_id`, `mata_pelajaran_id`, `kelas`, `semester`, `tahun_pelajaran`, `nilai_pengetahuan`, `predikat_pengetahuan`, `deskripsi_pengetahuan`, `nilai_keterampilan`, `predikat_keterampilan`, `deskripsi_keterampilan`) VALUES (346,27,1,'XII',1,'2024/2025',0,'D','',0,'D','');
INSERT INTO `nilai_semester` (`id`, `siswa_id`, `mata_pelajaran_id`, `kelas`, `semester`, `tahun_pelajaran`, `nilai_pengetahuan`, `predikat_pengetahuan`, `deskripsi_pengetahuan`, `nilai_keterampilan`, `predikat_keterampilan`, `deskripsi_keterampilan`) VALUES (347,27,1,'XII',1,'2024/2025',0,'D','',0,'D','');
INSERT INTO `nilai_semester` (`id`, `siswa_id`, `mata_pelajaran_id`, `kelas`, `semester`, `tahun_pelajaran`, `nilai_pengetahuan`, `predikat_pengetahuan`, `deskripsi_pengetahuan`, `nilai_keterampilan`, `predikat_keterampilan`, `deskripsi_keterampilan`) VALUES (348,27,1,'XII',1,'2024/2025',91,'A','',91,'A','');
INSERT INTO `nilai_semester` (`id`, `siswa_id`, `mata_pelajaran_id`, `kelas`, `semester`, `tahun_pelajaran`, `nilai_pengetahuan`, `predikat_pengetahuan`, `deskripsi_pengetahuan`, `nilai_keterampilan`, `predikat_keterampilan`, `deskripsi_keterampilan`) VALUES (349,27,1,'XII',1,'2024/2025',0,'D','',0,'D','');
INSERT INTO `nilai_semester` (`id`, `siswa_id`, `mata_pelajaran_id`, `kelas`, `semester`, `tahun_pelajaran`, `nilai_pengetahuan`, `predikat_pengetahuan`, `deskripsi_pengetahuan`, `nilai_keterampilan`, `predikat_keterampilan`, `deskripsi_keterampilan`) VALUES (350,27,1,'XII',1,'2024/2025',89,'B','',89,'B','');
INSERT INTO `nilai_semester` (`id`, `siswa_id`, `mata_pelajaran_id`, `kelas`, `semester`, `tahun_pelajaran`, `nilai_pengetahuan`, `predikat_pengetahuan`, `deskripsi_pengetahuan`, `nilai_keterampilan`, `predikat_keterampilan`, `deskripsi_keterampilan`) VALUES (351,28,1,'XII',1,'2024/2025',88,'B','',88,'B','');
INSERT INTO `nilai_semester` (`id`, `siswa_id`, `mata_pelajaran_id`, `kelas`, `semester`, `tahun_pelajaran`, `nilai_pengetahuan`, `predikat_pengetahuan`, `deskripsi_pengetahuan`, `nilai_keterampilan`, `predikat_keterampilan`, `deskripsi_keterampilan`) VALUES (352,28,1,'XII',1,'2024/2025',93,'A','',93,'A','');
INSERT INTO `nilai_semester` (`id`, `siswa_id`, `mata_pelajaran_id`, `kelas`, `semester`, `tahun_pelajaran`, `nilai_pengetahuan`, `predikat_pengetahuan`, `deskripsi_pengetahuan`, `nilai_keterampilan`, `predikat_keterampilan`, `deskripsi_keterampilan`) VALUES (353,28,2,'XII',1,'2024/2025',0,'D','',0,'D','');
INSERT INTO `nilai_semester` (`id`, `siswa_id`, `mata_pelajaran_id`, `kelas`, `semester`, `tahun_pelajaran`, `nilai_pengetahuan`, `predikat_pengetahuan`, `deskripsi_pengetahuan`, `nilai_keterampilan`, `predikat_keterampilan`, `deskripsi_keterampilan`) VALUES (354,28,3,'XII',1,'2024/2025',0,'D','',0,'D','');
INSERT INTO `nilai_semester` (`id`, `siswa_id`, `mata_pelajaran_id`, `kelas`, `semester`, `tahun_pelajaran`, `nilai_pengetahuan`, `predikat_pengetahuan`, `deskripsi_pengetahuan`, `nilai_keterampilan`, `predikat_keterampilan`, `deskripsi_keterampilan`) VALUES (355,28,1,'XII',1,'2024/2025',86,'B','',86,'B','');
INSERT INTO `nilai_semester` (`id`, `siswa_id`, `mata_pelajaran_id`, `kelas`, `semester`, `tahun_pelajaran`, `nilai_pengetahuan`, `predikat_pengetahuan`, `deskripsi_pengetahuan`, `nilai_keterampilan`, `predikat_keterampilan`, `deskripsi_keterampilan`) VALUES (356,28,1,'XII',1,'2024/2025',93,'A','',93,'A','');
INSERT INTO `nilai_semester` (`id`, `siswa_id`, `mata_pelajaran_id`, `kelas`, `semester`, `tahun_pelajaran`, `nilai_pengetahuan`, `predikat_pengetahuan`, `deskripsi_pengetahuan`, `nilai_keterampilan`, `predikat_keterampilan`, `deskripsi_keterampilan`) VALUES (357,28,1,'XII',1,'2024/2025',0,'D','',0,'D','');
INSERT INTO `nilai_semester` (`id`, `siswa_id`, `mata_pelajaran_id`, `kelas`, `semester`, `tahun_pelajaran`, `nilai_pengetahuan`, `predikat_pengetahuan`, `deskripsi_pengetahuan`, `nilai_keterampilan`, `predikat_keterampilan`, `deskripsi_keterampilan`) VALUES (358,28,1,'XII',1,'2024/2025',0,'D','',0,'D','');
INSERT INTO `nilai_semester` (`id`, `siswa_id`, `mata_pelajaran_id`, `kelas`, `semester`, `tahun_pelajaran`, `nilai_pengetahuan`, `predikat_pengetahuan`, `deskripsi_pengetahuan`, `nilai_keterampilan`, `predikat_keterampilan`, `deskripsi_keterampilan`) VALUES (359,28,1,'XII',1,'2024/2025',91,'A','',91,'A','');
INSERT INTO `nilai_semester` (`id`, `siswa_id`, `mata_pelajaran_id`, `kelas`, `semester`, `tahun_pelajaran`, `nilai_pengetahuan`, `predikat_pengetahuan`, `deskripsi_pengetahuan`, `nilai_keterampilan`, `predikat_keterampilan`, `deskripsi_keterampilan`) VALUES (360,28,1,'XII',1,'2024/2025',0,'D','',0,'D','');
INSERT INTO `nilai_semester` (`id`, `siswa_id`, `mata_pelajaran_id`, `kelas`, `semester`, `tahun_pelajaran`, `nilai_pengetahuan`, `predikat_pengetahuan`, `deskripsi_pengetahuan`, `nilai_keterampilan`, `predikat_keterampilan`, `deskripsi_keterampilan`) VALUES (361,28,1,'XII',1,'2024/2025',92,'A','',92,'A','');
INSERT INTO `nilai_semester` (`id`, `siswa_id`, `mata_pelajaran_id`, `kelas`, `semester`, `tahun_pelajaran`, `nilai_pengetahuan`, `predikat_pengetahuan`, `deskripsi_pengetahuan`, `nilai_keterampilan`, `predikat_keterampilan`, `deskripsi_keterampilan`) VALUES (362,28,1,'XII',1,'2024/2025',94,'A','',94,'A','');
INSERT INTO `nilai_semester` (`id`, `siswa_id`, `mata_pelajaran_id`, `kelas`, `semester`, `tahun_pelajaran`, `nilai_pengetahuan`, `predikat_pengetahuan`, `deskripsi_pengetahuan`, `nilai_keterampilan`, `predikat_keterampilan`, `deskripsi_keterampilan`) VALUES (363,28,1,'XII',1,'2024/2025',91,'A','',91,'A','');
INSERT INTO `nilai_semester` (`id`, `siswa_id`, `mata_pelajaran_id`, `kelas`, `semester`, `tahun_pelajaran`, `nilai_pengetahuan`, `predikat_pengetahuan`, `deskripsi_pengetahuan`, `nilai_keterampilan`, `predikat_keterampilan`, `deskripsi_keterampilan`) VALUES (364,28,1,'XII',1,'2024/2025',93,'A','',93,'A','');
INSERT INTO `nilai_semester` (`id`, `siswa_id`, `mata_pelajaran_id`, `kelas`, `semester`, `tahun_pelajaran`, `nilai_pengetahuan`, `predikat_pengetahuan`, `deskripsi_pengetahuan`, `nilai_keterampilan`, `predikat_keterampilan`, `deskripsi_keterampilan`) VALUES (365,29,1,'XII',1,'2024/2025',92,'A','',92,'A','');
INSERT INTO `nilai_semester` (`id`, `siswa_id`, `mata_pelajaran_id`, `kelas`, `semester`, `tahun_pelajaran`, `nilai_pengetahuan`, `predikat_pengetahuan`, `deskripsi_pengetahuan`, `nilai_keterampilan`, `predikat_keterampilan`, `deskripsi_keterampilan`) VALUES (366,29,1,'XII',1,'2024/2025',0,'D','',0,'D','');
INSERT INTO `nilai_semester` (`id`, `siswa_id`, `mata_pelajaran_id`, `kelas`, `semester`, `tahun_pelajaran`, `nilai_pengetahuan`, `predikat_pengetahuan`, `deskripsi_pengetahuan`, `nilai_keterampilan`, `predikat_keterampilan`, `deskripsi_keterampilan`) VALUES (367,29,1,'XII',1,'2024/2025',88,'B','',88,'B','');
INSERT INTO `nilai_semester` (`id`, `siswa_id`, `mata_pelajaran_id`, `kelas`, `semester`, `tahun_pelajaran`, `nilai_pengetahuan`, `predikat_pengetahuan`, `deskripsi_pengetahuan`, `nilai_keterampilan`, `predikat_keterampilan`, `deskripsi_keterampilan`) VALUES (368,29,1,'XII',1,'2024/2025',93,'A','',93,'A','');
INSERT INTO `nilai_semester` (`id`, `siswa_id`, `mata_pelajaran_id`, `kelas`, `semester`, `tahun_pelajaran`, `nilai_pengetahuan`, `predikat_pengetahuan`, `deskripsi_pengetahuan`, `nilai_keterampilan`, `predikat_keterampilan`, `deskripsi_keterampilan`) VALUES (369,29,1,'XII',1,'2024/2025',93,'A','',93,'A','');
INSERT INTO `nilai_semester` (`id`, `siswa_id`, `mata_pelajaran_id`, `kelas`, `semester`, `tahun_pelajaran`, `nilai_pengetahuan`, `predikat_pengetahuan`, `deskripsi_pengetahuan`, `nilai_keterampilan`, `predikat_keterampilan`, `deskripsi_keterampilan`) VALUES (370,29,1,'XII',1,'2024/2025',93,'A','',93,'A','');
INSERT INTO `nilai_semester` (`id`, `siswa_id`, `mata_pelajaran_id`, `kelas`, `semester`, `tahun_pelajaran`, `nilai_pengetahuan`, `predikat_pengetahuan`, `deskripsi_pengetahuan`, `nilai_keterampilan`, `predikat_keterampilan`, `deskripsi_keterampilan`) VALUES (371,29,1,'XII',1,'2024/2025',92,'A','',92,'A','');
INSERT INTO `nilai_semester` (`id`, `siswa_id`, `mata_pelajaran_id`, `kelas`, `semester`, `tahun_pelajaran`, `nilai_pengetahuan`, `predikat_pengetahuan`, `deskripsi_pengetahuan`, `nilai_keterampilan`, `predikat_keterampilan`, `deskripsi_keterampilan`) VALUES (372,29,1,'XII',1,'2024/2025',94,'A','',94,'A','');
INSERT INTO `nilai_semester` (`id`, `siswa_id`, `mata_pelajaran_id`, `kelas`, `semester`, `tahun_pelajaran`, `nilai_pengetahuan`, `predikat_pengetahuan`, `deskripsi_pengetahuan`, `nilai_keterampilan`, `predikat_keterampilan`, `deskripsi_keterampilan`) VALUES (373,29,2,'XII',1,'2024/2025',0,'D','',0,'D','');
INSERT INTO `nilai_semester` (`id`, `siswa_id`, `mata_pelajaran_id`, `kelas`, `semester`, `tahun_pelajaran`, `nilai_pengetahuan`, `predikat_pengetahuan`, `deskripsi_pengetahuan`, `nilai_keterampilan`, `predikat_keterampilan`, `deskripsi_keterampilan`) VALUES (374,29,3,'XII',1,'2024/2025',0,'D','',0,'D','');
INSERT INTO `nilai_semester` (`id`, `siswa_id`, `mata_pelajaran_id`, `kelas`, `semester`, `tahun_pelajaran`, `nilai_pengetahuan`, `predikat_pengetahuan`, `deskripsi_pengetahuan`, `nilai_keterampilan`, `predikat_keterampilan`, `deskripsi_keterampilan`) VALUES (375,29,1,'XII',1,'2024/2025',88,'B','',88,'B','');
INSERT INTO `nilai_semester` (`id`, `siswa_id`, `mata_pelajaran_id`, `kelas`, `semester`, `tahun_pelajaran`, `nilai_pengetahuan`, `predikat_pengetahuan`, `deskripsi_pengetahuan`, `nilai_keterampilan`, `predikat_keterampilan`, `deskripsi_keterampilan`) VALUES (376,29,1,'XII',1,'2024/2025',92,'A','',92,'A','');
INSERT INTO `nilai_semester` (`id`, `siswa_id`, `mata_pelajaran_id`, `kelas`, `semester`, `tahun_pelajaran`, `nilai_pengetahuan`, `predikat_pengetahuan`, `deskripsi_pengetahuan`, `nilai_keterampilan`, `predikat_keterampilan`, `deskripsi_keterampilan`) VALUES (377,29,1,'XII',1,'2024/2025',0,'D','',0,'D','');
INSERT INTO `nilai_semester` (`id`, `siswa_id`, `mata_pelajaran_id`, `kelas`, `semester`, `tahun_pelajaran`, `nilai_pengetahuan`, `predikat_pengetahuan`, `deskripsi_pengetahuan`, `nilai_keterampilan`, `predikat_keterampilan`, `deskripsi_keterampilan`) VALUES (378,29,1,'XII',1,'2024/2025',0,'D','',0,'D','');
INSERT INTO `nilai_semester` (`id`, `siswa_id`, `mata_pelajaran_id`, `kelas`, `semester`, `tahun_pelajaran`, `nilai_pengetahuan`, `predikat_pengetahuan`, `deskripsi_pengetahuan`, `nilai_keterampilan`, `predikat_keterampilan`, `deskripsi_keterampilan`) VALUES (379,30,1,'XII',1,'2024/2025',96,'A','',96,'A','');
INSERT INTO `nilai_semester` (`id`, `siswa_id`, `mata_pelajaran_id`, `kelas`, `semester`, `tahun_pelajaran`, `nilai_pengetahuan`, `predikat_pengetahuan`, `deskripsi_pengetahuan`, `nilai_keterampilan`, `predikat_keterampilan`, `deskripsi_keterampilan`) VALUES (380,30,1,'XII',1,'2024/2025',92,'A','',92,'A','');
INSERT INTO `nilai_semester` (`id`, `siswa_id`, `mata_pelajaran_id`, `kelas`, `semester`, `tahun_pelajaran`, `nilai_pengetahuan`, `predikat_pengetahuan`, `deskripsi_pengetahuan`, `nilai_keterampilan`, `predikat_keterampilan`, `deskripsi_keterampilan`) VALUES (381,30,1,'XII',1,'2024/2025',93,'A','',93,'A','');
INSERT INTO `nilai_semester` (`id`, `siswa_id`, `mata_pelajaran_id`, `kelas`, `semester`, `tahun_pelajaran`, `nilai_pengetahuan`, `predikat_pengetahuan`, `deskripsi_pengetahuan`, `nilai_keterampilan`, `predikat_keterampilan`, `deskripsi_keterampilan`) VALUES (382,30,1,'XII',1,'2024/2025',93,'A','',93,'A','');
INSERT INTO `nilai_semester` (`id`, `siswa_id`, `mata_pelajaran_id`, `kelas`, `semester`, `tahun_pelajaran`, `nilai_pengetahuan`, `predikat_pengetahuan`, `deskripsi_pengetahuan`, `nilai_keterampilan`, `predikat_keterampilan`, `deskripsi_keterampilan`) VALUES (383,30,2,'XII',1,'2024/2025',0,'D','',0,'D','');
INSERT INTO `nilai_semester` (`id`, `siswa_id`, `mata_pelajaran_id`, `kelas`, `semester`, `tahun_pelajaran`, `nilai_pengetahuan`, `predikat_pengetahuan`, `deskripsi_pengetahuan`, `nilai_keterampilan`, `predikat_keterampilan`, `deskripsi_keterampilan`) VALUES (384,30,3,'XII',1,'2024/2025',0,'D','',0,'D','');
INSERT INTO `nilai_semester` (`id`, `siswa_id`, `mata_pelajaran_id`, `kelas`, `semester`, `tahun_pelajaran`, `nilai_pengetahuan`, `predikat_pengetahuan`, `deskripsi_pengetahuan`, `nilai_keterampilan`, `predikat_keterampilan`, `deskripsi_keterampilan`) VALUES (385,30,1,'XII',1,'2024/2025',90,'B','',90,'B','');
INSERT INTO `nilai_semester` (`id`, `siswa_id`, `mata_pelajaran_id`, `kelas`, `semester`, `tahun_pelajaran`, `nilai_pengetahuan`, `predikat_pengetahuan`, `deskripsi_pengetahuan`, `nilai_keterampilan`, `predikat_keterampilan`, `deskripsi_keterampilan`) VALUES (386,30,1,'XII',1,'2024/2025',92,'A','',92,'A','');
INSERT INTO `nilai_semester` (`id`, `siswa_id`, `mata_pelajaran_id`, `kelas`, `semester`, `tahun_pelajaran`, `nilai_pengetahuan`, `predikat_pengetahuan`, `deskripsi_pengetahuan`, `nilai_keterampilan`, `predikat_keterampilan`, `deskripsi_keterampilan`) VALUES (387,30,1,'XII',1,'2024/2025',0,'D','',0,'D','');
INSERT INTO `nilai_semester` (`id`, `siswa_id`, `mata_pelajaran_id`, `kelas`, `semester`, `tahun_pelajaran`, `nilai_pengetahuan`, `predikat_pengetahuan`, `deskripsi_pengetahuan`, `nilai_keterampilan`, `predikat_keterampilan`, `deskripsi_keterampilan`) VALUES (388,30,1,'XII',1,'2024/2025',0,'D','',0,'D','');
INSERT INTO `nilai_semester` (`id`, `siswa_id`, `mata_pelajaran_id`, `kelas`, `semester`, `tahun_pelajaran`, `nilai_pengetahuan`, `predikat_pengetahuan`, `deskripsi_pengetahuan`, `nilai_keterampilan`, `predikat_keterampilan`, `deskripsi_keterampilan`) VALUES (389,30,1,'XII',1,'2024/2025',96,'A','',96,'A','');
INSERT INTO `nilai_semester` (`id`, `siswa_id`, `mata_pelajaran_id`, `kelas`, `semester`, `tahun_pelajaran`, `nilai_pengetahuan`, `predikat_pengetahuan`, `deskripsi_pengetahuan`, `nilai_keterampilan`, `predikat_keterampilan`, `deskripsi_keterampilan`) VALUES (390,30,1,'XII',1,'2024/2025',0,'D','',0,'D','');
INSERT INTO `nilai_semester` (`id`, `siswa_id`, `mata_pelajaran_id`, `kelas`, `semester`, `tahun_pelajaran`, `nilai_pengetahuan`, `predikat_pengetahuan`, `deskripsi_pengetahuan`, `nilai_keterampilan`, `predikat_keterampilan`, `deskripsi_keterampilan`) VALUES (391,30,1,'XII',1,'2024/2025',95,'A','',95,'A','');
INSERT INTO `nilai_semester` (`id`, `siswa_id`, `mata_pelajaran_id`, `kelas`, `semester`, `tahun_pelajaran`, `nilai_pengetahuan`, `predikat_pengetahuan`, `deskripsi_pengetahuan`, `nilai_keterampilan`, `predikat_keterampilan`, `deskripsi_keterampilan`) VALUES (392,30,1,'XII',1,'2024/2025',94,'A','',94,'A','');
INSERT INTO `nilai_semester` (`id`, `siswa_id`, `mata_pelajaran_id`, `kelas`, `semester`, `tahun_pelajaran`, `nilai_pengetahuan`, `predikat_pengetahuan`, `deskripsi_pengetahuan`, `nilai_keterampilan`, `predikat_keterampilan`, `deskripsi_keterampilan`) VALUES (393,31,1,'XII',1,'2024/2025',91,'A','',91,'A','');
INSERT INTO `nilai_semester` (`id`, `siswa_id`, `mata_pelajaran_id`, `kelas`, `semester`, `tahun_pelajaran`, `nilai_pengetahuan`, `predikat_pengetahuan`, `deskripsi_pengetahuan`, `nilai_keterampilan`, `predikat_keterampilan`, `deskripsi_keterampilan`) VALUES (394,31,1,'XII',1,'2024/2025',92,'A','',92,'A','');
INSERT INTO `nilai_semester` (`id`, `siswa_id`, `mata_pelajaran_id`, `kelas`, `semester`, `tahun_pelajaran`, `nilai_pengetahuan`, `predikat_pengetahuan`, `deskripsi_pengetahuan`, `nilai_keterampilan`, `predikat_keterampilan`, `deskripsi_keterampilan`) VALUES (395,31,1,'XII',1,'2024/2025',93,'A','',93,'A','');
INSERT INTO `nilai_semester` (`id`, `siswa_id`, `mata_pelajaran_id`, `kelas`, `semester`, `tahun_pelajaran`, `nilai_pengetahuan`, `predikat_pengetahuan`, `deskripsi_pengetahuan`, `nilai_keterampilan`, `predikat_keterampilan`, `deskripsi_keterampilan`) VALUES (396,31,2,'XII',1,'2024/2025',0,'D','',0,'D','');
INSERT INTO `nilai_semester` (`id`, `siswa_id`, `mata_pelajaran_id`, `kelas`, `semester`, `tahun_pelajaran`, `nilai_pengetahuan`, `predikat_pengetahuan`, `deskripsi_pengetahuan`, `nilai_keterampilan`, `predikat_keterampilan`, `deskripsi_keterampilan`) VALUES (397,31,3,'XII',1,'2024/2025',0,'D','',0,'D','');
INSERT INTO `nilai_semester` (`id`, `siswa_id`, `mata_pelajaran_id`, `kelas`, `semester`, `tahun_pelajaran`, `nilai_pengetahuan`, `predikat_pengetahuan`, `deskripsi_pengetahuan`, `nilai_keterampilan`, `predikat_keterampilan`, `deskripsi_keterampilan`) VALUES (398,31,1,'XII',1,'2024/2025',92,'A','',92,'A','');
INSERT INTO `nilai_semester` (`id`, `siswa_id`, `mata_pelajaran_id`, `kelas`, `semester`, `tahun_pelajaran`, `nilai_pengetahuan`, `predikat_pengetahuan`, `deskripsi_pengetahuan`, `nilai_keterampilan`, `predikat_keterampilan`, `deskripsi_keterampilan`) VALUES (399,31,1,'XII',1,'2024/2025',92,'A','',92,'A','');
INSERT INTO `nilai_semester` (`id`, `siswa_id`, `mata_pelajaran_id`, `kelas`, `semester`, `tahun_pelajaran`, `nilai_pengetahuan`, `predikat_pengetahuan`, `deskripsi_pengetahuan`, `nilai_keterampilan`, `predikat_keterampilan`, `deskripsi_keterampilan`) VALUES (400,31,1,'XII',1,'2024/2025',0,'D','',0,'D','');
INSERT INTO `nilai_semester` (`id`, `siswa_id`, `mata_pelajaran_id`, `kelas`, `semester`, `tahun_pelajaran`, `nilai_pengetahuan`, `predikat_pengetahuan`, `deskripsi_pengetahuan`, `nilai_keterampilan`, `predikat_keterampilan`, `deskripsi_keterampilan`) VALUES (401,31,1,'XII',1,'2024/2025',0,'D','',0,'D','');
INSERT INTO `nilai_semester` (`id`, `siswa_id`, `mata_pelajaran_id`, `kelas`, `semester`, `tahun_pelajaran`, `nilai_pengetahuan`, `predikat_pengetahuan`, `deskripsi_pengetahuan`, `nilai_keterampilan`, `predikat_keterampilan`, `deskripsi_keterampilan`) VALUES (402,31,1,'XII',1,'2024/2025',96,'A','',96,'A','');
INSERT INTO `nilai_semester` (`id`, `siswa_id`, `mata_pelajaran_id`, `kelas`, `semester`, `tahun_pelajaran`, `nilai_pengetahuan`, `predikat_pengetahuan`, `deskripsi_pengetahuan`, `nilai_keterampilan`, `predikat_keterampilan`, `deskripsi_keterampilan`) VALUES (403,31,1,'XII',1,'2024/2025',0,'D','',0,'D','');
INSERT INTO `nilai_semester` (`id`, `siswa_id`, `mata_pelajaran_id`, `kelas`, `semester`, `tahun_pelajaran`, `nilai_pengetahuan`, `predikat_pengetahuan`, `deskripsi_pengetahuan`, `nilai_keterampilan`, `predikat_keterampilan`, `deskripsi_keterampilan`) VALUES (404,31,1,'XII',1,'2024/2025',95,'A','',95,'A','');
INSERT INTO `nilai_semester` (`id`, `siswa_id`, `mata_pelajaran_id`, `kelas`, `semester`, `tahun_pelajaran`, `nilai_pengetahuan`, `predikat_pengetahuan`, `deskripsi_pengetahuan`, `nilai_keterampilan`, `predikat_keterampilan`, `deskripsi_keterampilan`) VALUES (405,31,1,'XII',1,'2024/2025',94,'A','',94,'A','');
INSERT INTO `nilai_semester` (`id`, `siswa_id`, `mata_pelajaran_id`, `kelas`, `semester`, `tahun_pelajaran`, `nilai_pengetahuan`, `predikat_pengetahuan`, `deskripsi_pengetahuan`, `nilai_keterampilan`, `predikat_keterampilan`, `deskripsi_keterampilan`) VALUES (406,31,1,'XII',1,'2024/2025',96,'A','',96,'A','');
INSERT INTO `nilai_semester` (`id`, `siswa_id`, `mata_pelajaran_id`, `kelas`, `semester`, `tahun_pelajaran`, `nilai_pengetahuan`, `predikat_pengetahuan`, `deskripsi_pengetahuan`, `nilai_keterampilan`, `predikat_keterampilan`, `deskripsi_keterampilan`) VALUES (407,32,1,'XII',1,'2024/2025',94,'A','',94,'A','');
INSERT INTO `nilai_semester` (`id`, `siswa_id`, `mata_pelajaran_id`, `kelas`, `semester`, `tahun_pelajaran`, `nilai_pengetahuan`, `predikat_pengetahuan`, `deskripsi_pengetahuan`, `nilai_keterampilan`, `predikat_keterampilan`, `deskripsi_keterampilan`) VALUES (408,32,2,'XII',1,'2024/2025',0,'D','',0,'D','');
INSERT INTO `nilai_semester` (`id`, `siswa_id`, `mata_pelajaran_id`, `kelas`, `semester`, `tahun_pelajaran`, `nilai_pengetahuan`, `predikat_pengetahuan`, `deskripsi_pengetahuan`, `nilai_keterampilan`, `predikat_keterampilan`, `deskripsi_keterampilan`) VALUES (409,32,3,'XII',1,'2024/2025',0,'D','',0,'D','');
INSERT INTO `nilai_semester` (`id`, `siswa_id`, `mata_pelajaran_id`, `kelas`, `semester`, `tahun_pelajaran`, `nilai_pengetahuan`, `predikat_pengetahuan`, `deskripsi_pengetahuan`, `nilai_keterampilan`, `predikat_keterampilan`, `deskripsi_keterampilan`) VALUES (410,32,1,'XII',1,'2024/2025',89,'B','',89,'B','');
INSERT INTO `nilai_semester` (`id`, `siswa_id`, `mata_pelajaran_id`, `kelas`, `semester`, `tahun_pelajaran`, `nilai_pengetahuan`, `predikat_pengetahuan`, `deskripsi_pengetahuan`, `nilai_keterampilan`, `predikat_keterampilan`, `deskripsi_keterampilan`) VALUES (411,32,1,'XII',1,'2024/2025',95,'A','',95,'A','');
INSERT INTO `nilai_semester` (`id`, `siswa_id`, `mata_pelajaran_id`, `kelas`, `semester`, `tahun_pelajaran`, `nilai_pengetahuan`, `predikat_pengetahuan`, `deskripsi_pengetahuan`, `nilai_keterampilan`, `predikat_keterampilan`, `deskripsi_keterampilan`) VALUES (412,32,1,'XII',1,'2024/2025',0,'D','',0,'D','');
INSERT INTO `nilai_semester` (`id`, `siswa_id`, `mata_pelajaran_id`, `kelas`, `semester`, `tahun_pelajaran`, `nilai_pengetahuan`, `predikat_pengetahuan`, `deskripsi_pengetahuan`, `nilai_keterampilan`, `predikat_keterampilan`, `deskripsi_keterampilan`) VALUES (413,32,1,'XII',1,'2024/2025',0,'D','',0,'D','');
INSERT INTO `nilai_semester` (`id`, `siswa_id`, `mata_pelajaran_id`, `kelas`, `semester`, `tahun_pelajaran`, `nilai_pengetahuan`, `predikat_pengetahuan`, `deskripsi_pengetahuan`, `nilai_keterampilan`, `predikat_keterampilan`, `deskripsi_keterampilan`) VALUES (414,32,1,'XII',1,'2024/2025',91,'A','',91,'A','');
INSERT INTO `nilai_semester` (`id`, `siswa_id`, `mata_pelajaran_id`, `kelas`, `semester`, `tahun_pelajaran`, `nilai_pengetahuan`, `predikat_pengetahuan`, `deskripsi_pengetahuan`, `nilai_keterampilan`, `predikat_keterampilan`, `deskripsi_keterampilan`) VALUES (415,32,1,'XII',1,'2024/2025',0,'D','',0,'D','');
INSERT INTO `nilai_semester` (`id`, `siswa_id`, `mata_pelajaran_id`, `kelas`, `semester`, `tahun_pelajaran`, `nilai_pengetahuan`, `predikat_pengetahuan`, `deskripsi_pengetahuan`, `nilai_keterampilan`, `predikat_keterampilan`, `deskripsi_keterampilan`) VALUES (416,32,1,'XII',1,'2024/2025',95,'A','',95,'A','');
INSERT INTO `nilai_semester` (`id`, `siswa_id`, `mata_pelajaran_id`, `kelas`, `semester`, `tahun_pelajaran`, `nilai_pengetahuan`, `predikat_pengetahuan`, `deskripsi_pengetahuan`, `nilai_keterampilan`, `predikat_keterampilan`, `deskripsi_keterampilan`) VALUES (417,32,1,'XII',1,'2024/2025',93,'A','',93,'A','');
INSERT INTO `nilai_semester` (`id`, `siswa_id`, `mata_pelajaran_id`, `kelas`, `semester`, `tahun_pelajaran`, `nilai_pengetahuan`, `predikat_pengetahuan`, `deskripsi_pengetahuan`, `nilai_keterampilan`, `predikat_keterampilan`, `deskripsi_keterampilan`) VALUES (418,32,1,'XII',1,'2024/2025',92,'A','',92,'A','');
INSERT INTO `nilai_semester` (`id`, `siswa_id`, `mata_pelajaran_id`, `kelas`, `semester`, `tahun_pelajaran`, `nilai_pengetahuan`, `predikat_pengetahuan`, `deskripsi_pengetahuan`, `nilai_keterampilan`, `predikat_keterampilan`, `deskripsi_keterampilan`) VALUES (419,32,1,'XII',1,'2024/2025',92,'A','',92,'A','');
INSERT INTO `nilai_semester` (`id`, `siswa_id`, `mata_pelajaran_id`, `kelas`, `semester`, `tahun_pelajaran`, `nilai_pengetahuan`, `predikat_pengetahuan`, `deskripsi_pengetahuan`, `nilai_keterampilan`, `predikat_keterampilan`, `deskripsi_keterampilan`) VALUES (420,32,1,'XII',1,'2024/2025',92,'A','',92,'A','');
INSERT INTO `nilai_semester` (`id`, `siswa_id`, `mata_pelajaran_id`, `kelas`, `semester`, `tahun_pelajaran`, `nilai_pengetahuan`, `predikat_pengetahuan`, `deskripsi_pengetahuan`, `nilai_keterampilan`, `predikat_keterampilan`, `deskripsi_keterampilan`) VALUES (421,33,1,'XII',1,'2024/2025',83,'B','',83,'B','');
INSERT INTO `nilai_semester` (`id`, `siswa_id`, `mata_pelajaran_id`, `kelas`, `semester`, `tahun_pelajaran`, `nilai_pengetahuan`, `predikat_pengetahuan`, `deskripsi_pengetahuan`, `nilai_keterampilan`, `predikat_keterampilan`, `deskripsi_keterampilan`) VALUES (422,33,1,'XII',1,'2024/2025',93,'A','',93,'A','');
INSERT INTO `nilai_semester` (`id`, `siswa_id`, `mata_pelajaran_id`, `kelas`, `semester`, `tahun_pelajaran`, `nilai_pengetahuan`, `predikat_pengetahuan`, `deskripsi_pengetahuan`, `nilai_keterampilan`, `predikat_keterampilan`, `deskripsi_keterampilan`) VALUES (423,33,1,'XII',1,'2024/2025',90,'B','',90,'B','');
INSERT INTO `nilai_semester` (`id`, `siswa_id`, `mata_pelajaran_id`, `kelas`, `semester`, `tahun_pelajaran`, `nilai_pengetahuan`, `predikat_pengetahuan`, `deskripsi_pengetahuan`, `nilai_keterampilan`, `predikat_keterampilan`, `deskripsi_keterampilan`) VALUES (424,33,1,'XII',1,'2024/2025',93,'A','',93,'A','');
INSERT INTO `nilai_semester` (`id`, `siswa_id`, `mata_pelajaran_id`, `kelas`, `semester`, `tahun_pelajaran`, `nilai_pengetahuan`, `predikat_pengetahuan`, `deskripsi_pengetahuan`, `nilai_keterampilan`, `predikat_keterampilan`, `deskripsi_keterampilan`) VALUES (425,33,1,'XII',1,'2024/2025',88,'B','',88,'B','');
INSERT INTO `nilai_semester` (`id`, `siswa_id`, `mata_pelajaran_id`, `kelas`, `semester`, `tahun_pelajaran`, `nilai_pengetahuan`, `predikat_pengetahuan`, `deskripsi_pengetahuan`, `nilai_keterampilan`, `predikat_keterampilan`, `deskripsi_keterampilan`) VALUES (426,33,1,'XII',1,'2024/2025',93,'A','',93,'A','');
INSERT INTO `nilai_semester` (`id`, `siswa_id`, `mata_pelajaran_id`, `kelas`, `semester`, `tahun_pelajaran`, `nilai_pengetahuan`, `predikat_pengetahuan`, `deskripsi_pengetahuan`, `nilai_keterampilan`, `predikat_keterampilan`, `deskripsi_keterampilan`) VALUES (427,33,2,'XII',1,'2024/2025',0,'D','',0,'D','');
INSERT INTO `nilai_semester` (`id`, `siswa_id`, `mata_pelajaran_id`, `kelas`, `semester`, `tahun_pelajaran`, `nilai_pengetahuan`, `predikat_pengetahuan`, `deskripsi_pengetahuan`, `nilai_keterampilan`, `predikat_keterampilan`, `deskripsi_keterampilan`) VALUES (428,33,3,'XII',1,'2024/2025',0,'D','',0,'D','');
INSERT INTO `nilai_semester` (`id`, `siswa_id`, `mata_pelajaran_id`, `kelas`, `semester`, `tahun_pelajaran`, `nilai_pengetahuan`, `predikat_pengetahuan`, `deskripsi_pengetahuan`, `nilai_keterampilan`, `predikat_keterampilan`, `deskripsi_keterampilan`) VALUES (429,33,1,'XII',1,'2024/2025',86,'B','',86,'B','');
INSERT INTO `nilai_semester` (`id`, `siswa_id`, `mata_pelajaran_id`, `kelas`, `semester`, `tahun_pelajaran`, `nilai_pengetahuan`, `predikat_pengetahuan`, `deskripsi_pengetahuan`, `nilai_keterampilan`, `predikat_keterampilan`, `deskripsi_keterampilan`) VALUES (430,33,1,'XII',1,'2024/2025',93,'A','',93,'A','');
INSERT INTO `nilai_semester` (`id`, `siswa_id`, `mata_pelajaran_id`, `kelas`, `semester`, `tahun_pelajaran`, `nilai_pengetahuan`, `predikat_pengetahuan`, `deskripsi_pengetahuan`, `nilai_keterampilan`, `predikat_keterampilan`, `deskripsi_keterampilan`) VALUES (431,33,1,'XII',1,'2024/2025',0,'D','',0,'D','');
INSERT INTO `nilai_semester` (`id`, `siswa_id`, `mata_pelajaran_id`, `kelas`, `semester`, `tahun_pelajaran`, `nilai_pengetahuan`, `predikat_pengetahuan`, `deskripsi_pengetahuan`, `nilai_keterampilan`, `predikat_keterampilan`, `deskripsi_keterampilan`) VALUES (432,33,1,'XII',1,'2024/2025',0,'D','',0,'D','');
INSERT INTO `nilai_semester` (`id`, `siswa_id`, `mata_pelajaran_id`, `kelas`, `semester`, `tahun_pelajaran`, `nilai_pengetahuan`, `predikat_pengetahuan`, `deskripsi_pengetahuan`, `nilai_keterampilan`, `predikat_keterampilan`, `deskripsi_keterampilan`) VALUES (433,33,1,'XII',1,'2024/2025',91,'A','',91,'A','');
INSERT INTO `nilai_semester` (`id`, `siswa_id`, `mata_pelajaran_id`, `kelas`, `semester`, `tahun_pelajaran`, `nilai_pengetahuan`, `predikat_pengetahuan`, `deskripsi_pengetahuan`, `nilai_keterampilan`, `predikat_keterampilan`, `deskripsi_keterampilan`) VALUES (434,33,1,'XII',1,'2024/2025',0,'D','',0,'D','');
INSERT INTO `nilai_semester` (`id`, `siswa_id`, `mata_pelajaran_id`, `kelas`, `semester`, `tahun_pelajaran`, `nilai_pengetahuan`, `predikat_pengetahuan`, `deskripsi_pengetahuan`, `nilai_keterampilan`, `predikat_keterampilan`, `deskripsi_keterampilan`) VALUES (435,34,1,'XII',1,'2024/2025',94,'A','',94,'A','');
INSERT INTO `nilai_semester` (`id`, `siswa_id`, `mata_pelajaran_id`, `kelas`, `semester`, `tahun_pelajaran`, `nilai_pengetahuan`, `predikat_pengetahuan`, `deskripsi_pengetahuan`, `nilai_keterampilan`, `predikat_keterampilan`, `deskripsi_keterampilan`) VALUES (436,34,2,'XII',1,'2024/2025',0,'D','',0,'D','');
INSERT INTO `nilai_semester` (`id`, `siswa_id`, `mata_pelajaran_id`, `kelas`, `semester`, `tahun_pelajaran`, `nilai_pengetahuan`, `predikat_pengetahuan`, `deskripsi_pengetahuan`, `nilai_keterampilan`, `predikat_keterampilan`, `deskripsi_keterampilan`) VALUES (437,34,3,'XII',1,'2024/2025',0,'D','',0,'D','');
INSERT INTO `nilai_semester` (`id`, `siswa_id`, `mata_pelajaran_id`, `kelas`, `semester`, `tahun_pelajaran`, `nilai_pengetahuan`, `predikat_pengetahuan`, `deskripsi_pengetahuan`, `nilai_keterampilan`, `predikat_keterampilan`, `deskripsi_keterampilan`) VALUES (438,34,1,'XII',1,'2024/2025',84,'B','',84,'B','');
INSERT INTO `nilai_semester` (`id`, `siswa_id`, `mata_pelajaran_id`, `kelas`, `semester`, `tahun_pelajaran`, `nilai_pengetahuan`, `predikat_pengetahuan`, `deskripsi_pengetahuan`, `nilai_keterampilan`, `predikat_keterampilan`, `deskripsi_keterampilan`) VALUES (439,34,1,'XII',1,'2024/2025',93,'A','',93,'A','');
INSERT INTO `nilai_semester` (`id`, `siswa_id`, `mata_pelajaran_id`, `kelas`, `semester`, `tahun_pelajaran`, `nilai_pengetahuan`, `predikat_pengetahuan`, `deskripsi_pengetahuan`, `nilai_keterampilan`, `predikat_keterampilan`, `deskripsi_keterampilan`) VALUES (440,34,1,'XII',1,'2024/2025',0,'D','',0,'D','');
INSERT INTO `nilai_semester` (`id`, `siswa_id`, `mata_pelajaran_id`, `kelas`, `semester`, `tahun_pelajaran`, `nilai_pengetahuan`, `predikat_pengetahuan`, `deskripsi_pengetahuan`, `nilai_keterampilan`, `predikat_keterampilan`, `deskripsi_keterampilan`) VALUES (441,34,1,'XII',1,'2024/2025',0,'D','',0,'D','');
INSERT INTO `nilai_semester` (`id`, `siswa_id`, `mata_pelajaran_id`, `kelas`, `semester`, `tahun_pelajaran`, `nilai_pengetahuan`, `predikat_pengetahuan`, `deskripsi_pengetahuan`, `nilai_keterampilan`, `predikat_keterampilan`, `deskripsi_keterampilan`) VALUES (442,34,1,'XII',1,'2024/2025',91,'A','',91,'A','');
INSERT INTO `nilai_semester` (`id`, `siswa_id`, `mata_pelajaran_id`, `kelas`, `semester`, `tahun_pelajaran`, `nilai_pengetahuan`, `predikat_pengetahuan`, `deskripsi_pengetahuan`, `nilai_keterampilan`, `predikat_keterampilan`, `deskripsi_keterampilan`) VALUES (443,34,1,'XII',1,'2024/2025',0,'D','',0,'D','');
INSERT INTO `nilai_semester` (`id`, `siswa_id`, `mata_pelajaran_id`, `kelas`, `semester`, `tahun_pelajaran`, `nilai_pengetahuan`, `predikat_pengetahuan`, `deskripsi_pengetahuan`, `nilai_keterampilan`, `predikat_keterampilan`, `deskripsi_keterampilan`) VALUES (444,34,1,'XII',1,'2024/2025',90,'B','',90,'B','');
INSERT INTO `nilai_semester` (`id`, `siswa_id`, `mata_pelajaran_id`, `kelas`, `semester`, `tahun_pelajaran`, `nilai_pengetahuan`, `predikat_pengetahuan`, `deskripsi_pengetahuan`, `nilai_keterampilan`, `predikat_keterampilan`, `deskripsi_keterampilan`) VALUES (445,34,1,'XII',1,'2024/2025',94,'A','',94,'A','');
INSERT INTO `nilai_semester` (`id`, `siswa_id`, `mata_pelajaran_id`, `kelas`, `semester`, `tahun_pelajaran`, `nilai_pengetahuan`, `predikat_pengetahuan`, `deskripsi_pengetahuan`, `nilai_keterampilan`, `predikat_keterampilan`, `deskripsi_keterampilan`) VALUES (446,34,1,'XII',1,'2024/2025',93,'A','',93,'A','');
INSERT INTO `nilai_semester` (`id`, `siswa_id`, `mata_pelajaran_id`, `kelas`, `semester`, `tahun_pelajaran`, `nilai_pengetahuan`, `predikat_pengetahuan`, `deskripsi_pengetahuan`, `nilai_keterampilan`, `predikat_keterampilan`, `deskripsi_keterampilan`) VALUES (447,34,1,'XII',1,'2024/2025',93,'A','',93,'A','');
INSERT INTO `nilai_semester` (`id`, `siswa_id`, `mata_pelajaran_id`, `kelas`, `semester`, `tahun_pelajaran`, `nilai_pengetahuan`, `predikat_pengetahuan`, `deskripsi_pengetahuan`, `nilai_keterampilan`, `predikat_keterampilan`, `deskripsi_keterampilan`) VALUES (448,34,1,'XII',1,'2024/2025',92,'A','',92,'A','');
INSERT INTO `catatan_akhir_semester` (`id`, `siswa_id`, `kelas`, `semester`, `catatan_wali_kelas`) VALUES (1,3,'XII',1,'Jangan menyerah, tingkatkan kembali belajarmu');
INSERT INTO `catatan_akhir_semester` (`id`, `siswa_id`, `kelas`, `semester`, `catatan_wali_kelas`) VALUES (2,4,'XII',1,'Tingkatkan kembali belajarmu');
INSERT INTO `catatan_akhir_semester` (`id`, `siswa_id`, `kelas`, `semester`, `catatan_wali_kelas`) VALUES (3,5,'XII',1,'Tingkatkan kembali belajarmu');
INSERT INTO `catatan_akhir_semester` (`id`, `siswa_id`, `kelas`, `semester`, `catatan_wali_kelas`) VALUES (4,6,'XII',1,'Tingkatkan kembali belajarmu');
INSERT INTO `catatan_akhir_semester` (`id`, `siswa_id`, `kelas`, `semester`, `catatan_wali_kelas`) VALUES (5,7,'XII',1,'Prestasimu sudah cukup baik, tetapi tingkatkan belajarmu');
INSERT INTO `catatan_akhir_semester` (`id`, `siswa_id`, `kelas`, `semester`, `catatan_wali_kelas`) VALUES (6,8,'XII',1,'Pertahankan peringkat pertamamu untuk pembelajaran semester ini');
INSERT INTO `catatan_akhir_semester` (`id`, `siswa_id`, `kelas`, `semester`, `catatan_wali_kelas`) VALUES (7,9,'XII',1,'Jangan menyerah, tingkatkan kembali belajarmu');
INSERT INTO `catatan_akhir_semester` (`id`, `siswa_id`, `kelas`, `semester`, `catatan_wali_kelas`) VALUES (8,10,'XII',1,'Tingkatkan kembali belajarmu');
INSERT INTO `catatan_akhir_semester` (`id`, `siswa_id`, `kelas`, `semester`, `catatan_wali_kelas`) VALUES (9,11,'XII',1,'Tingkatkan kembali belajarmu');
INSERT INTO `catatan_akhir_semester` (`id`, `siswa_id`, `kelas`, `semester`, `catatan_wali_kelas`) VALUES (10,12,'XII',1,'Jangan menyerah, tingkatkan kembali belajarmu');
INSERT INTO `catatan_akhir_semester` (`id`, `siswa_id`, `kelas`, `semester`, `catatan_wali_kelas`) VALUES (11,13,'XII',1,'Jangan menyerah, tingkatkan kembali belajarmu');
INSERT INTO `catatan_akhir_semester` (`id`, `siswa_id`, `kelas`, `semester`, `catatan_wali_kelas`) VALUES (12,14,'XII',1,'Tingkatkan kembali belajarmu');
INSERT INTO `catatan_akhir_semester` (`id`, `siswa_id`, `kelas`, `semester`, `catatan_wali_kelas`) VALUES (13,15,'XII',1,'Pertahankan prestasimu tetapi jangan mudah puas hati');
INSERT INTO `catatan_akhir_semester` (`id`, `siswa_id`, `kelas`, `semester`, `catatan_wali_kelas`) VALUES (14,16,'XII',1,'Jangan menyerah, tingkatkan kembali belajarmu');
INSERT INTO `catatan_akhir_semester` (`id`, `siswa_id`, `kelas`, `semester`, `catatan_wali_kelas`) VALUES (15,17,'XII',1,'Prestasimu sudah cukup baik, tetapi tingkatkan belajarmu');
INSERT INTO `catatan_akhir_semester` (`id`, `siswa_id`, `kelas`, `semester`, `catatan_wali_kelas`) VALUES (16,18,'XII',1,'Prestasimu sudah cukup baik, tetapi tingkatkan belajarmu');
INSERT INTO `catatan_akhir_semester` (`id`, `siswa_id`, `kelas`, `semester`, `catatan_wali_kelas`) VALUES (17,19,'XII',1,'Pertahankan prestasimu tetapi jangan mudah puas hati');
INSERT INTO `catatan_akhir_semester` (`id`, `siswa_id`, `kelas`, `semester`, `catatan_wali_kelas`) VALUES (18,20,'XII',1,'Jangan menyerah, tingkatkan kembali belajarmu');
INSERT INTO `catatan_akhir_semester` (`id`, `siswa_id`, `kelas`, `semester`, `catatan_wali_kelas`) VALUES (19,21,'XII',1,'Jangan menyerah, tingkatkan kembali belajarmu');
INSERT INTO `catatan_akhir_semester` (`id`, `siswa_id`, `kelas`, `semester`, `catatan_wali_kelas`) VALUES (20,22,'XII',1,'Jangan menyerah, tingkatkan kembali belajarmu');
INSERT INTO `catatan_akhir_semester` (`id`, `siswa_id`, `kelas`, `semester`, `catatan_wali_kelas`) VALUES (21,23,'XII',1,'Jangan menyerah, tingkatkan kembali belajarmu');
INSERT INTO `catatan_akhir_semester` (`id`, `siswa_id`, `kelas`, `semester`, `catatan_wali_kelas`) VALUES (22,24,'XII',1,'Jangan menyerah, tingkatkan kembali belajarmu');
INSERT INTO `catatan_akhir_semester` (`id`, `siswa_id`, `kelas`, `semester`, `catatan_wali_kelas`) VALUES (23,25,'XII',1,'Tingkatkan kembali belajarmu');
INSERT INTO `catatan_akhir_semester` (`id`, `siswa_id`, `kelas`, `semester`, `catatan_wali_kelas`) VALUES (24,26,'XII',1,'Prestasimu sudah cukup baik, tetapi tingkatkan belajarmu');
INSERT INTO `catatan_akhir_semester` (`id`, `siswa_id`, `kelas`, `semester`, `catatan_wali_kelas`) VALUES (25,27,'XII',1,'Jangan menyerah, tingkatkan kembali belajarmu');
INSERT INTO `catatan_akhir_semester` (`id`, `siswa_id`, `kelas`, `semester`, `catatan_wali_kelas`) VALUES (26,28,'XII',1,'Tingkatkan kembali belajarmu');
INSERT INTO `catatan_akhir_semester` (`id`, `siswa_id`, `kelas`, `semester`, `catatan_wali_kelas`) VALUES (27,29,'XII',1,'Tingkatkan kembali belajarmu');
INSERT INTO `catatan_akhir_semester` (`id`, `siswa_id`, `kelas`, `semester`, `catatan_wali_kelas`) VALUES (28,30,'XII',1,'Pertahankan prestasimu tetapi jangan mudah puas hati');
INSERT INTO `catatan_akhir_semester` (`id`, `siswa_id`, `kelas`, `semester`, `catatan_wali_kelas`) VALUES (29,31,'XII',1,'Pertahankan prestasimu tetapi jangan mudah puas hati');
INSERT INTO `catatan_akhir_semester` (`id`, `siswa_id`, `kelas`, `semester`, `catatan_wali_kelas`) VALUES (30,32,'XII',1,'Prestasimu sudah cukup baik, tetapi tingkatkan belajarmu');
INSERT INTO `catatan_akhir_semester` (`id`, `siswa_id`, `kelas`, `semester`, `catatan_wali_kelas`) VALUES (31,33,'XII',1,'Jangan menyerah, tingkatkan kembali belajarmu');
INSERT INTO `catatan_akhir_semester` (`id`, `siswa_id`, `kelas`, `semester`, `catatan_wali_kelas`) VALUES (32,34,'XII',1,'Tingkatkan kembali belajarmu');
INSERT INTO `meninggalkan_sekolah` (`id`, `siswa_id`, `tipe`, `tanggal_keluar`, `sekolah_tujuan`, `alamat_sekolah_tujuan`, `no_ijazah`, `alasan`, `tujuan`) VALUES (1,34,'putus','2022-12-12','Nguli','','','Hamil','');

-- -------------------------------------------------------------
-- Re-enable FK checks
-- -------------------------------------------------------------
SET FOREIGN_KEY_CHECKS=1;
